No,Produk,Ulasan,Rating
1,Missha Airy Fit Sheet Mask Rice,Aku kurang suka sama sheetmask ini. Aku pkai kok jadi herah gitu abisnya ya kaya panas. Padahal udah dmasukin kulkas dulu. Padahal kita berharap setelah pakai sheetmask itu seger gitu sad,1
2,Missha Airy Fit Sheet Mask Rice,Bought the product a month ago or sth from this site and got the worst breakout ever. Made my skin very sensitive ever since. Will never repurchase/recommend to anyone.,1
3,Missha Airy Fit Sheet Mask Rice,Agak rugi gitu beli ini. Gak sesuai harapan sihh... Sedih banget.. kayaknya gak cocok gitu sama masker ini.,2
4,Missha Airy Fit Sheet Mask Rice,awal maskernya di ambil gila serumnya sampe bercucuran kemana mana karena saking banyaknya serumnya kentel gitu warnanya kaya bekas cucian beras. pas dipake maskernya makin kering setelah d ambil maskernya serum sedikit berkurang dan mengering tapi bikin wajah lembab kalo efek mencerahkan sekali pakai belum terlihat,2
5,Missha Airy Fit Sheet Mask Rice,sheet mask yang sesuai sama kantong pelajar selain murah juga mudah di apply sangat cocok untuk kulitku yang teksturnya sensitif dan kering yang mengalami perubahan cuaca,2
6,Missha Airy Fit Sheet Mask Rice,salah satu sheet mask yg dulu jadi langgananku karena harganya murah beud sering diskon mana banyak pula variannya. tapi ya gitu tobat pake sheet mask karena ga ngeliat terlalu bnyk perubahan dan capek nyampah,2
7,Missha Airy Fit Sheet Mask Rice,Buat wajahku beruntusan sedihhh. Pdhal reviewnya pada bilang ini bagus. Serumnya kayak susu putih gtu tpi knpa ga cocok? Hiks beli mayan banyak sayang banget rasanya :((,2
8,Missha Airy Fit Sheet Mask Rice,liat review pada bagus2 walaupun dibeberapa orang ga ngefek samsek. tapi diaku setelah pemakaian zuzur ini muka cenat cenut akhirnya muka jadi merah dan selang 2 hari malah jadi iritasi plus perih poll,2
9,Missha Airy Fit Sheet Mask Rice,Aku ga gitu cocok sih pakai ini. Essencenya banyak tp mudah menyerap sheetnya tipis which is good buatku ukurannya jg oke ga yg kecil atau terlalu besar. Tapi begitu apply agak panas di muka dan ga glowing setelahnya. Jd kayanya ga akan repurchase lg deh,3
10,Missha Airy Fit Sheet Mask Rice,Cobain beli sheet mask ini waktu lagi diskon. To be honest not a big fan tapi bukan nggak suka juga sama sheet mask ini. Teksturenya watery jadi ringan banget dan cepat meresap ke dalam kulit. Untuk bahan sheet masknya agak tipis jadi mudah sobek dan kurang pas dipake di mukaku. Sheet masknya juga heavily fragranced jadi bagi yang punya kulit sensitive mungkin harus hati-hati. Untuk efek whitening masih belum berasa karena baru sekali cobanya tapi untuk efek hydrating dapet banget,3
11,Missha Airy Fit Sheet Mask Rice,di aku pake sheetmask ini ga ada efek apa-apa ga bikin lembab atau apapun but at least ga bikin iritasi. kurang ampuh sih tapi ya ga kecewa karena harganya emang murah,3
12,Missha Airy Fit Sheet Mask Rice,Sama seperti sheetmask pada umumnya. Mask sheetnya ringan dan cocok dipakai setiap hari. Sheetmask nya cukup basah dan meresap juga memberikan efek cooling pada kulit setelah pemakaian.,3
13,Missha Airy Fit Sheet Mask Rice,Aku sering menggunakan sheet mask dari brand berbeda - beda. Tekstur masker brand ini lembut banget dan adem saat digunakan. Untuk efeknya cukup melembabkan.,3
14,Missha Airy Fit Sheet Mask Rice,Sayangnya masker missha yang tipe ini nggak terlalu ngebuat kulitku keliatan cerah efeknya di wajahku cuma melembapkan aja. Tapi dengan harga 10 ribuan sangat worth it untuk dipakai supaya wajah gak kering,3
15,Missha Airy Fit Sheet Mask Rice,Paling suka deh kalo beli sheet mask yang berbahan dasarnya rice berharap bisa mencerahkan dikit kulit coklat eksotis aku. Tapi kalo untuk sheet mask missha ini kok g ngefek apa2 ya di aku. Sorry Missha,3
16,Missha Airy Fit Sheet Mask Rice,Missha airy fit sheet mask rice ini biasa aja ya maskernya. Ga begitu berasa efeknya setelah dipakai. Dan agak lama nyerapnya. Nothing special. Kurang cocok di saya.,3
17,Missha Airy Fit Sheet Mask Rice,Dari segi harga sih lumayan mahal ya kalau gai ada promo2 hehe. Sm seperti sheetmask lainnya jika mau kelihatan efeknya harus di pake rutin. Jd dr sheetmask ini aku cuman ngerasain ngelembabin aja. Ga ada efek lain,3
18,Missha Airy Fit Sheet Mask Rice,Efek setelah pakenya kayak sheet mask lainnya sih ngelembabin bikin kulit lembut plusnya ini ngasih efek instantly bright dan essencenya cepet nyerep. Sheetnya ini super tipis kurang suka sih soalnya butuh effort lebih buat unfoldnya. Ukurannya juga ikutan berubah ngebesarin gitu.,4
19,Missha Airy Fit Sheet Mask Rice,Ini kali pertama aku nyobain sheet mask yang rice dari missha. Texture nya enak dingin-dingin gitu pas di pakai dan menurutku bagus sih harganya juga sangat terjangkau dan juga bikin kulit ga kusam dan jadi lembab,4
20,Missha Airy Fit Sheet Mask Rice,Varian kesukaan memcerahkan secara instan hhe. Lembabnya dapat klaimnya dapat. Paling suka sm lembar sheetmasknya sndri yang tipis lembut. Lucu n gemes aja pas sudah dipakai berasa nyatu dengan kulit wajah,4
21,Missha Airy Fit Sheet Mask Rice,overall oke termasuk sheetmask yang lembarannya lumayan tipis essencenya juga banyak jadi bisa dipake di tangan sama leher juga.. efektivitasnya belum kelihatan banget karena baru satu kali pakai tp untuk harga segitu worth to try.. mungkin kalo dipake rutin bisa lebih ketara efek instantly brighteningnya,4
22,Missha Airy Fit Sheet Mask Rice,Sheet masknya tipis banget jd agak susah buat bukanya gitu huhu wanginya sih oke essencenya banyak jugaa dan nggak lengket. So far sih oke boleh lah dicoba,4
23,Missha Airy Fit Sheet Mask Rice,sheet mask ini enak banget masker nya tuh tipis terus essence nya juga banyak kandungan nya aman juga karna anak kecil aja bisa pakai sheet mask ini. habis pakai muka langsung lembab tapi enggak lengket.,4
24,Missha Airy Fit Sheet Mask Rice,harganya sangat worth it untuk kantong pelajar tapi ketika diskon ya hehe. wanginya enak gak seperti masker varian beras lainnya. selamat mencoba!,4
25,Missha Airy Fit Sheet Mask Rice,wangi nya gak ganggu  essence nya lumayan banyak dan ukuran masknya pas essence nya cepet nyerap dan sama kaya mask mask lain bikin muka lembab aja sih,5
26,Missha Airy Fit Sheet Mask Rice,Kalian harus bgtbgt cobain ini sheetmask nya!! Salah satu varian rice favorit aku gak ngerti lagi ini enak banget astagfirullah ?? abis pake ini besok paginya mukaku berasa kinclong gitu wkwk tapi emang ini bikin cerah sihh,5
27,Missha Airy Fit Sheet Mask Rice,Sheet mask yang enak dipakai pas di muka ngasih efek lembab juga enak dipakai wanginya ga nyengat si pokoknya sangattttttttt recommended bisa di restock banyak2 hehe,5
28,Missha Airy Fit Sheet Mask Rice,sheet mask airy fit mask yang variant rice dari missha ini bener bener bagus sih  efeknya mencerahkan dan bikin kulit jadi lembab sukak bangetttttttttttttt,5
29,Missha Airy Fit Sheet Mask Rice,Auto glowing habis pake masker ini tekstur nya enak ga yang thick bgt gitu habis pake masker ini rasanya tambah lembab trus terhidrasi bgt kulitku. Sejauh ini gaada reaksi macem2 di kulit malah bikin glowing. Biasanya aku pake malem hari biar kulit jd calming,5
30,Missha Airy Fit Sheet Mask Rice,Sheet mask missha emang udah favorit lamaaa! Suka banget sama tekstur nya dia bikin muka moisturized bangeeeettt!! Affordable juga sering diskon hehehe,5
31,Breylee Sheet Mask Vitamin C,Untuk kulit sensitif hati hati yaa kalo ga cocok pasti langsung kemerahan.. di aku belum 5 menit udah cabut efeknya malah panas dan gatal gatal.. entah produknya yang ga bagus atau memang kulitku yang terlalu sensitif.,1
32,Breylee Sheet Mask Vitamin C,kaget murah bangett sering diskon gitu hahahhahhasebenernya yang ga terlalu gimana mana gitu sih cuma buat nyerahin di aku agak lama ajaaa tp bagus kok,2
33,Breylee Sheet Mask Vitamin C,aku udah pernah pake ini sblm kasih ini ke temen. sebenernya ga ngaruh sih utk mencerahkan. efek melembapkan juga ga seberapa dan dia kayak ada wangi nya gt yg aku kurang suka dan klo kelamaan bikin gatel. tp di temenku cocok jd tgt jenis kulit msg2 ya,2
34,Breylee Sheet Mask Vitamin C,Sheetmask ini okelah untuk melembabkan and instant mencerahkan but it doesn’t do much di kulitku. cuma bagus aja untuk kulit kamu yg lagi butuh hidrasi.,2
35,Breylee Sheet Mask Vitamin C,I would say this is a below average face mask in terms of serum consistency and mask texture. The actual mask is thicker than most in the market and it leaves a sticky feeling after using it.,2
36,Breylee Sheet Mask Vitamin C,beli pas diskon dan kayak masker biasa ajah cuman emang dingin pas taroh di kulkas dulu gitu. tipis juga maskernya mau beli pas diskon lagi dulu ajah dari sociolla,2
37,Breylee Sheet Mask Vitamin C,Kulitku kombinasi pakai pertama kali sisi hidungku jadi kering dan perih... mungkin emang aku ga cocok pakai Skincare bahan VIT C aja kali ya... seger sih dan pas masker dibuka jadi cerah (bukan putih ya tapi cerah segar) cuma menurutku kandungannya terlalu tajam... yg sensitif perlu dipertimbangkan lagi untuk beli...,3
38,Breylee Sheet Mask Vitamin C,harganya lebih murah dari sheetmask lain. teksturnya juga ringan cepat nyerap ke kulit. tpi yg jadi minusnya ituu untuk lubang mata samaa mulutnya bnr2 ga bikin nyaman. mukaku tergolong kecil kalo pake sheetmask merk lain pasti kebesaran. tpi yg punya breylee ini big no bgt :'( lubang untk matanya kecil yg bikin sangat amat tidak nyaman kalo dipake ditambah lgi kalo essencenya kena ke mata tuh risih bgttt. di bagian mulut bahkan gaada bolongannya alias cuma di potong bentuk garis aja. baru kali ini pake sheetmask tpi ga nyaman bgt,3
39,Breylee Sheet Mask Vitamin C,rada bingung dengan bentuk sheet nya yang lebar banget posisi mata mulut hidung jadi ga sesuai ga nyamannya di situ aja kalau untuk effectifitasnya cukul melembabkan kok. variant vit. c ga ada rasa pedih cekit cekit di kulit wajah,3
40,Breylee Sheet Mask Vitamin C,di muka aku yang sensitif aku ga merasa perih. Menurut aku essensce yang ada di maskernya teroalu banyak jadi pada saat digunakan rasanya banjir dldi mjks,3
41,Breylee Sheet Mask Vitamin C,sheetmask yang murah dangsn kualitas ok untuk yang varian vitamin c ini cukup mencerahkan lembabnya dapet aromanya segar coba jiga yang pome granat,3
42,Breylee Sheet Mask Vitamin C,Kalo menurut aku serumnyaa terlaluu agak lengket gitu sebenernya bukan serum yang kaya air sejauh ini sih gakenapa2 pakee produk ini & harganya jugaa murcee,3
43,Breylee Sheet Mask Vitamin C,heet mask nya untuk size wajah aku kurang lebar krn bagian mata kayak ketutup gitu jadinya. Tekstur essencenya kental gitu thick moisture nya B aja. After taste nya lembap aja gitu. Untuk daily mask masi okelah.,3
44,Breylee Sheet Mask Vitamin C,iseng juga coba another varian face mask dari breylee. Ya gitu ajaa ga yang gimana-gimana. enak nyegerin lebih seger kalau dimasukin ke kulkas duluuu. mungkin harus coba beberapa kali biar efeknya kerasa kali ya,3
45,Breylee Sheet Mask Vitamin C,beli ini ga sengaja karena kebetulan diskon. Lumayan bagus kok. Sheetnya pas di muka jadi nge-set nya mudah. Produknya ngelembabin tp afternya yaudah sih biasa aja.,3
46,Breylee Sheet Mask Vitamin C,Not very moisturizing sebenernya ada harga ada rupa sihh kebetulan ini emg affordable bgt tp menurutku ada yg lebih worth it dengan harga ga jauh beda. The smell is also kind of off putting its not exactly bau obat tp idk what it is.,3
47,Breylee Sheet Mask Vitamin C,untuk sheet mask harga segini lumayan banget essenceny cukup untuk wajah dan leher ukuran sheetmaskny jg pas dan lumayan untuk melembabkan kulit wajah,4
48,Breylee Sheet Mask Vitamin C,Dilihat dari review orang menarik dan bagus. Packaging baik produk original produk belum dicoba. Baru pertama kali di cobaSemoga cocok di kulit aku,4
49,Breylee Sheet Mask Vitamin C,tekstur maskernya agak cair terus essence nya lumayan lama meresap tapi lumayan buat melembabkan packaging nya kayak masker pada umumnya harganya terjangkau.,4
50,Breylee Sheet Mask Vitamin C,an ordinary mask maskernya lembut enak langsung nempel pas dipake  cukup melembabkan juga wanginya juga ga terlalu menyengat not bad tapi bukan yg wah juga,4
51,Breylee Sheet Mask Vitamin C,Cukup oke. Beli karena gabut buat nambah2in keranjang. Dipake cukup oke mungkin harus sering2 rutin pakek nya spy tau efektivitasnya. Hoho but worth the price,4
52,Breylee Sheet Mask Vitamin C,Masker yang affordable dan setelah pemakaian bikin muka keliatan lebih cerah dan bersih. Essencenya juga melimpah jadi bisa diratain lagi ke muka setelah pemakaian maskernya,4
53,Breylee Sheet Mask Vitamin C,Fix ini enak banget sih sheetmasknya abis pakai beneran rasa cerahan dikitttt dan glowing banget. Isinya juga banyak bisa dipakai ke tangan atau kaki hehe,5
54,Breylee Sheet Mask Vitamin C,Varian kesukaan memcerahkan secara instan hhe. Lembabnya dapat klaimnya dapat. Paling suka sm lembar sheetmasknya sndri yang tipis lembut. Lucu n gemes aja pas sudah dipakai berasa nyatu dengan kulit wajah,5
55,Breylee Sheet Mask Vitamin C,sheetmask emang penyelamat banget buat aku yang mager untuk maskeran disaat kulit lagi butuh kelembaban aku juga suka pakaikan masker ini ke ibu aku,5
56,Breylee Sheet Mask Vitamin C,Harga affordable formulanya enak banget cukup melembabkan bisa untuk daily sheet mask. Apalagi pas ada promo harganya bisa lebih murah lagi masker ini,5
57,Breylee Sheet Mask Vitamin C,baguss saya sudah pernah menggunakan produk ini sebelumnya dan saya suka banget karena wajah saya lebih terlihat cerah dari pada sebelumnya terimakasih,5
58,Mediheal Teatree Essential Mask,Tidak seperti review2 yg ada tidak ngaruh ke jerawat malah jerawat makin banyak dan jerawat kecil jadi besar. Tidak seperti yang di harapkah. Hiks hiks hiks aku sedih udh beli banyak.,1
59,Mediheal Teatree Essential Mask,Padahal kata orang orang bagus untuk ngilangin jerawat aku pakai ini waktu ada jerawat satu aja langsung nambaj jadi 3 jerawat. Texturenya tuh lengket banget bikin muka greasy aku nggak ngerti kenapa pada suka masker ini sih beneran.,1
60,Mediheal Teatree Essential Mask,dari dulu pgn bgt produk inni soalnya suka bruntusan dan ktnya produk ini bisa membantu calming tp blm kesampean hiksss sebel bgt pdhl srg bgt tbtb ada jerawat atau bruntusan tbtb,1
61,Mediheal Teatree Essential Mask,bad! pake masker ini berharap minyak berkurang dan jerawat kempes tapi yang ada malah jerawat meradang ga kempes dan muncul jerawat yang lumayan besar. ga cocok pake varian tea tree ,2
62,Mediheal Teatree Essential Mask,Banyak banget yang cocok sama masker ini tapi sayangnya aku engga mungkin karena aku memang ga cocok sama tea tree karena udah beberapa pake produk yang ada tea treenya langsung beruntusan,2
63,Mediheal Teatree Essential Mask,Padahal aku udah berharap banget pengen cocok sama produk ini. eh ternyata aku ga cocok sama sekali muka aku langsung breakout parah. Sedih banget rasanya untung belinya pas diskon ehehe,2
64,Mediheal Teatree Essential Mask,Aku acne prone skin yang reaktif banget sama produk yang baru dicoba. Pake malem kalo pagi gak cocok pasti langsung jerawatan. Ini salah satu produk yang gak cocok sama aku,2
65,Mediheal Teatree Essential Mask,jadi kemarin diriku baru mencoba sheetmask ini. menurut reviewnya orang2 tuh bagus kaan terus aku coba pas emang lagi ada jerawat gitu. tapi b aja... ga ada memberikan efek apa2... essencenya kental jadinya lengket banget gitu trus sampai besok pagi tuh masih tetep lembab,2
66,Mediheal Teatree Essential Mask,awalnya nggak ngeuh ini teatree.aku asal make aja. aku pakenya malem kan setelah make sih oke oke aja tapi setelah bangun tidur... jejeng ada jerawat satu muncul dan itu jerawat mendem. kaget banget dan pas liat eh ternyata oh tenyta dia ada teatreenya hufft menyebalkan syekali,2
67,Mediheal Teatree Essential Mask,Kulitku yang normal to dry pake ini malah jerawatan. Sebelum pake ada 2 jerawat. Setelah pake besoknya lgsg tumbuh 2 jerawat baru lainnya. Sedangkan 2 jerawat lama juga ga mateng mateng pake ini.,2
68,Mediheal Teatree Essential Mask,2 hari pemakaian lumayan bagus tapi pada hari ke 3 muncul jerawat kecil-kecil dan merah banget disekitaran daerah bibir. Lama hilang dan bekasnya jadi menghitam. Padahal ini cocok dulu tapi ntah mengapa tiba-tiba gak cocok.,2
69,Mediheal Teatree Essential Mask,Hmmm produk ini sayangnya ga ngaruh apa2 di muka ku yg lumayan minyakan dan jerawatan stau aku tea tree bagus buat wajah acne gitu tapi gatau knapa sheet mask ini ga cocok,2
70,Mediheal Teatree Essential Mask,Varian kesukaan memcerahkan secara instan hhe. Lembabnya dapat klaimnya dapat. Paling suka sm lembar sheetmasknya sndri yang tipis lembut. Lucu n gemes aja pas sudah dipakai berasa nyatu dengan kulit wajah,2
71,Mediheal Teatree Essential Mask,di aku sheetmask ini mudah bgt kegeser. tapi ini sheetmask enak dah. lembarannya tipis tp ga gampang robek. essencenya juga banyaak. kalau pake ini jerawat jg gampang kering. tapi essencenya kaya agak lengket gt ya jd kalau pagi2 msh kerasa lengketnya tapi melembabkan juga. pokoknya enak daah,3
72,Mediheal Teatree Essential Mask,Mask ini bisa meredakan kulit yang stress dan nenangin kulit yang iritasi. Buat aku yang bermasalah sama jerawat juga cocok nih karena tea tree bagus buat jerawat.,3
73,Mediheal Teatree Essential Mask,pake ini enak sensasinya dingin menenangkan jadi masih suka simpen essencenya haha minusnya sih aku ga suka sama wanginya yang kaya minyak kayu putih lumayan mengganggu belum tau efeknya setelah pake 2x kayanya sama aja,3
74,Mediheal Teatree Essential Mask,Ukuran sheetmask pas di wajah gak terlalu besar. Tekstur kertasnya lembut dan ada watermarknya hihi.. Essencenya not too much. It smells good for me bcs I dont have any problems with tea tree dan claimnya cocok utk kulitku yg normal to oily. It also moisturize my skin well!,3
75,Mediheal Teatree Essential Mask,Masker mediheal ini aku dapet dari socoboxku yg pertama dan setelah aku coba untuk sekali pemakaian sih aku ga liat efek yang signifikan banget ya buat kulitku terutama pada spot yang berjerawat tapi dalam melembabkan dan mencerahkan ada efeknya mungkin masker ini harus dipakai beberapa kali secara teratur. Tapi untuk wanginya sendiri sih aku suka dan juga essence yang ada didalamnya sangat banyak dan tidak lengket hihi,3
76,Mediheal Teatree Essential Mask,Kandungan tea tree pasa sheet mask mediheal ini dapat menenangkan iritasi kulit dan terasa segar tanpa rasa lengket setelah menggunakan nya. Dan juga dapat mengontrol produksi minyak di kulit wajah,3
77,Mediheal Teatree Essential Mask,sukaaaaaa bangeeeettt. cocok bgt di kulitt akuu. jerawat langsung kempes seketika. dan calming bruntusan dimuka gak terasa berminyak atau lengket ini lgsg nyerep ke muka,3
78,Mediheal Teatree Essential Mask,Awalnya takut ngga cocok pas pertama kali coba pake sheet mask ini karena muka ku yg cepet berminyak. Tapi pas udah dicoba hasilnya emang oke banget muka ku jadi lebih segar dan lembab dan yg paling ku suka sheet mask ini juga menenangkan kulit yg berjerawat. Setelahnya aku ketagihan buat beli sheet mask ini terus? apalagi dipake pada saat di waktu santai. Sukaa bangetttt.,3
79,Mediheal Teatree Essential Mask,baru pertama kali coba tapi udah buat jatuh cinta banget apalagi untuk wajah sensitif berjerawat pass cocok banget. tapi oil nya dikit banget jadi buat cepat kering,3
80,Mediheal Teatree Essential Mask,Hmm agak b ajasih kalo dimukaku. Pdhl biasanya cocok bgt sm segala jenis tea tree even yg kenceng sekalipun. Tp pas abis pake ini kyk gaada perubahan,3
81,Mediheal Teatree Essential Mask,Penasaran banget ama ini masker. Pas dateng langsung coba pas dipake enak buanget muka. Tapi sayang pas bangun ada 1 jerawat gede yang numbuh terus kayak bisul sampai sekarang belom reda-reda. (pakai tanggal 12 Desember 18 sekarang tanggal 19 Desember 18). Ntah kayaknya emang ga cocok sama tea tree. Beneran emang dingin dingin gitu di muka seger tapi nimbulin breakout di aku. Repurchase? NO,3
82,Mediheal Teatree Essential Mask,Pertama kali nya nyobain sheet mask mediheal ini ternyata emg sebagus itu buat ngatasin jerawat. Jelas aroma nya tea tree cuma ga terlalu strong bgt essence nya jg lumayan banyak. Dipake malem pas pagi nya muka lgsg lembab trs jerawat yg kecil lgsg kering.,3
83,Mediheal Teatree Essential Mask,Gua make masker beginian. Niatnya nyoba. Enak bener dah. Adem terus ngangkat kotoran di kulit gua. Lebih seger jadinya. Suka banget gua sama ini masker atu,3
84,Mediheal Teatree Essential Mask,Banyak yang review heetmask varian ini tuh bagus dan gue udah cobain emang beneran bagus sih.. gimana ya jelasinnya :D pokoknya kalo ngadain diskon lagi bakal repurchase,3
85,Mediheal Teatree Essential Mask,direkomendasiin sama kakak dan temen-temenku pas aku lagi jerawat. di mereka langsung kelihatan hasilnya tapi di tempatku masih belum kelihatan mungkin karena baru pemakaian kedua,3
86,Mediheal Teatree Essential Mask,Sheet mask ini cocok banget buat kalian yang punya msalah jerawat karena pas aku pakai kulitku lagi jerawatan dan langsung agak calm. Essencenya pas nggak terlalu banyak dan ringan. Lembarannya lembut ada tulisan mediheal dan pas di wajah.,3
87,Mediheal Teatree Essential Mask,Aku lupa apa asa scent tea treenya atau gak. Kayaknya sih tipis. Bikin muka adem. Masknya juga lumayan pas di muka aku. Cuma pas unfold agak susah karena rapet banget. Essencenya juga kentel gak watery. Jadi nempel di muka. Gak bikin muka becek juga. Essencenya ga banyak emang. Tapi pas buat ditetesin ke muka ditepuk-tepuk setelah maskeran. Dia ga bikin jerawat aku kempes sih.,3
88,Mediheal Teatree Essential Mask,Salah satu tipe masker mediheal yang kurang cocok di wajahku padahal mukaku termasuk tipe yang normal. Entah mengapa setelah malamnya ku pakai masker ini keesokan harinya jerawat bruntusanku malah bertambah banyak,3
89,Mediheal Teatree Essential Mask,Aku suka banget sama Teatree Care Soulution Essential Mask EX nya mediheal ini pas di buka kemasan nya sheet nya lumayan tipis dan sisa air nya lumayan banyak di bagian leher aku biasa nya pakein juga sisa air nya pas di pake ademm banget..,4
90,Mediheal Teatree Essential Mask,"Suka banget sama sheet mask dari mediheal ini aku pake yang varian ini karena aku klo abis makeup & ga cocok sama makeupnya pasnti aku pakai ini unyuk ngurangin merah"" dipipiku",4
91,Mediheal Teatree Essential Mask,Aku suka banget sama Teatree Care Soulution Essential Mask EX nya mediheal ini pas di buka kemasan nya sheet nya lumayan tipis dan sisa air nya lumayan banyak di bagian leher aku biasa nya pakein juga sisa air nya pas di pake ademm banget,4
92,Mediheal Teatree Essential Mask,Sumpah ya sheetmask mediheal tuh parah bagusnya. Ini essencenya banyak banget sampe sisanya bisa buat oles ke leher sama tangan. Pas dipake adem banget dan ga lengket jadi essencenya cepet nyerap ke kulit muka. Abis pake ini mukaku jadi seger banget redness berkurang jerawat sama bruntus calm karna mungkin ini ada kandungan tea treenya. Kalo pake rutin kayanya bisa bener-bener ngempesin jerawat dan bruntus deh. Harganya emang pricey tapi ini bagus! Wajib repurchase!,4
93,Mediheal Teatree Essential Mask,"MEDIHEAL Teatree Care Solution Essential Mask EX masker"" dari mediheal ini cocok banget sama jenis kulit aku karna bener"" menyerap minyak"" diwajah aku dan jerawat"" ku ngikut ilang dong karna dari minyak hilang pun jerawat juga pergii jadi para leadys"" jangan bingung"" lagi cari masker yg manjur sesuai dengan jenis kulit kalian karna MEDIHEAL pun udh ada semua jenis kulit kalian jadi harus pada cobain niih??",4
94,Mediheal Teatree Essential Mask,Selalu suka dengan masker ini.. Praktiss bisa dibawa kemana mana dan langsung bisa digunakan aku baru 2minggu memakai masker dari mediheal dan langsung cocok.,4
95,Mediheal Teatree Essential Mask,Sheetmask pertama yang aku coba itu merk Mediheal karena banyak direkomendasiin sama orang-orang. Setelah nyoba engga heran sih kenapa banyak banget yang ngerave sheetmask ini karena kualitasnya emang bagus banget.,4
96,Mediheal Teatree Essential Mask,Maskernya banyak bgt serummnya gak pelit dinginnnn dan gak cepet kering. enak banget di pake nya cuma sayang kalo di buka serumnya banyak sisa di bungkusnya hehehe,4
97,Mediheal Teatree Essential Mask,Aku belum sempat pakai yang jenis ini. tapi dari yang kubaca yang tea tree bagus untuk kulit yang berjerawat. jadi aku coba beli yang ini. harganya juga sang terjangkau. belinya pas lagi diskon 40%,4
98,Mediheal Teatree Essential Mask,First time use mediheal mask. Dan seriously ini enak banget. Makna lembaran maskernya tipiiiis kaya ga pake masker gitu terus gampang nempel juga. Essencenya lumayan banyak tapi agak lengket,4
99,Mediheal Teatree Essential Mask,Favorite sheet mask for acne problems sih ini. Tiap habis pake di malem hari besok paginya jerawat langsung kempes dan muka jadi lembab. Essencenya juga banyak banget tanpa ga bikin lengket. Love it dah pokoknya,4
100,Mediheal Teatree Essential Mask,Sheetmask yang bener-bener mantul alias mantap betulll. Essence-nya ga bikin lengkeng dikulit wajah. Essence banyak juga pulakk. Setelah pemakaian kulit jadi lembab kenyel dan cerah. Jerawat jadi kering. Kertasnya nggak terlalu tipis nggak terlalu tebel juga.,4
101,Mediheal Teatree Essential Mask,Salah satu varian yang aku suka untuk masalah kulitku kalo sedang muncul acne bahkan bruntusan untuk bikin jerawat cepet minggat yah ini yang tea tree. Wajah jadi lebih cerah halus dan kenyal.,5
102,Mediheal Teatree Essential Mask,Waktu itu penasaran karena banyak yang bilang bagus.. dan tergiur juga sih karena memang ditujukan untuk jenis kulit seperti aku.. berminyak + sensitif.. Packagingnya aku suka imut banget.. Dingin + segar juga pas di pake.. dalam sekali pake aku puas sih.. secara beli lagi harganya ehemm banget kan untuk sebuah sheetmask.. But worth it lah.. rekomended juga.. must buy and try..,5
103,Mediheal Teatree Essential Mask,Sheet mask mediheal emang lagi lagi jadi yang nomor 1 diantara semua sheet mask yang pernah aku pake. Apalagi varian tea tree ini bener” kerasa banget manfaatnya mengurangi minyak berlebih dan jerawat kecil kecil aku (lebih seperti beruntusan) langsung keliatan mengempes/lebih mengecil. Pokoknya secintabitu sama sheet mask apa lagi dari brand mediheal,5
104,Mediheal Teatree Essential Mask,Gapernah kecewa sana sheet mask nya medihealseperti yg udah dijelaskn sebelumnya. Untuk varian tea tree ini lumayan ampuh digunakan untuk perawatan jerawat,5
105,Mediheal Teatree Essential Mask,Mediheal Teatree Care Solution Essential Mask EX ini aku suka banget. Apalagi wajah aku yang cenderung berminyak. Suka nya bikin wajah lembab dan masker nya pas di wajah.,5
106,Mediheal Teatree Essential Mask,suka sama produk mediheal. tapi karena harganya yang cukup lumayan mahal jadi lebihi sering beli pas lagi diskon banyak. kemaren beli pas diskon 30%. dipakai enak baunya juga suka,5
107,Garnier Hydrabomb Serum Mask,Ekspektasi aku buat produk ini kayanya terlalu tinggi. Waktu itu muka lg kering keringnya pas pake ini kirain bakal terhidrasi gitu gataunya malah nambah dry patch sedih huhuhu,1
108,Garnier Hydrabomb Serum Mask,beli yang warna biru. tertarik karena klaimnya yg super hydrating tapi ternyata b aja hehe. essence nya mayan banyak tp yang aku rasain setelah pake malah kayak lengket dan efek ngelembapinnya kurang itupun ilang gitu aja stelah beberapa menit._. harganya jg mahal yaaa ditambah gak ada efek yg aku rasain jd cukup sekali repurchase aja? tp kalo kalian pengen beli sheet mask yg gampang didapet di supermarket mending beli r*hto heheh itu bagus,1
109,Garnier Hydrabomb Serum Mask,Di aku gak cocok pertama kali pakai pipi kiriku kerasa panas & perih setelah 15 menitan kucopot sheetmasknya dari wajah ternyata bagian yang panas dan perih itu jadi merah dan iritasi. but buat aku essence dan ketebalan sheetmasknya pas.,1
110,Garnier Hydrabomb Serum Mask,Baanyak essencenya tapi lengket dah.ntah knpa pas bangun tidur mukaku tuh udah merah merah.gabetah bgt make sheetmask dari si garnier kalo gadibilas karna dia lengketnya tuh gahilang. ,1
111,Garnier Hydrabomb Serum Mask,heran sama masker satu ini. soalnya gede banget jadi pakenya sampe ke rambut dong wkwk. teksturnya sticky dan bikin oily banget. juga ini ga ngefek apa apa di kulitku.,1
112,Garnier Hydrabomb Serum Mask,akhir taun 2018 cobais sheet mask garnier ini yg varian ijo muka jf kering parah bgt sampe kulit ngelupas huhu sedih banget gak nyangka cuma karna make sheet mask doang kulit ku bisa separah itu kering nya  mungkin ada kandungan yg gak cocok buat kulit ku yg kering ini .. seabis make emang gak knp2 tp essence nya emang kurang lembab  besokan nya muka jd kering parah bgt huhu,1
113,Garnier Hydrabomb Serum Mask,segitu penasarannya aku sama produk ini dan akhirnya beli haha aku ganyangka sih serum nya bakal yang banyak banget bahkan berlebihan jadi kebuang buang terus kurang suka sama si tissue nya sebab terlalu tipis rasanya suka semua wanginya untuk klaim nya yang paling bener adalah melembabkannya selain itu aku ga ngerasain fungsi lainnya sih.,2
114,Garnier Hydrabomb Serum Mask,Beli sheet mask varian green tea ini karena klaimnya cocok untuk kulit berminyak & kombinasi. Untuk ukuran sheetnya pas di wajahku dan lebih tebal dari sheet mask korea yang biasa ku pake. Essence produk ini juga banyak banget. Pemakaian pertama terasa lengket banget meskipun sheetnya udah dilepas butuh more effort buat tap2 wajah supaya essencenya cepat nyerap. Ternyata paginya begitu bangun wajahku makin berminyak dan malah numbuh jerawat baru. Jadi aku ga bakal repurchase produk ini lagi.,2
115,Garnier Hydrabomb Serum Mask,essence nya super banyaaaakkkkkk sheetmask nya juga pas sih gak terlalu besar. harganya juga lumayan terjangkau sih. kalau untuk pemakaian pertama kali tidak terlalu terlihat efeknya hanya menyegarkan saja,2
116,Garnier Hydrabomb Serum Mask,Airnya banyak banget dan bau alkoholnya nyengat. Pas di buka bungkusnya ada lapisan lagi sheet mask nya menurt aku sih agak ribet pas mau di pake. Pas udah kering muka jadi kaya lengket2 gitu,2
117,Garnier Hydrabomb Serum Mask,kayanya emang aku ga cocok produk garnier ? sehabis pakai ini langsung jerawatan di pipi ? untuk essence dan sheetmasknya kurasa lebih bagus yang sakura,2
118,Garnier Hydrabomb Serum Mask,packagingnya kebesaran sheetmasknya juga pas dimuka aku kebesaran :(( tapi ini serumnya banyak. Wanginya enak. Pas pakai ga ngerasain apa apa sih ga ada efek khusus gitu selain ngelembabin aja,2
119,Garnier Hydrabomb Serum Mask,awalnya nyobain serum mask ini karena banyak yang bilang bagus mungkin ya ini beneran cocok di kulit yg lain. tapi gak dengan kulitku. awal pakenya adem nyaman gitu dengan wangi yg menenangkan sheet mask nya juga beneran tipis lembut juga berasa gak pake apa-apa di wajah essence nya juga banyak banget tapi gak sampe meleber kemana-mana. tapi lama kelamaan kok kerasa perih banget gatal juga. awalnya tetap gak di pedulikan nah setelah 15 menit aku udahin pake sheet masknya. efek melembabkannya beneran dapat,2
120,Garnier Hydrabomb Serum Mask,sungguh mem-plump-kan kulit muka seketika mengingat essence-nya yang cukup thick. Namun demikian jerawat-jerawat mula bertimbulan beberapa hari kemudian,2
121,Garnier Hydrabomb Serum Mask,Aku ga cocok pake sheet mask ini padahal biasanya aku bukan pemiloh kalo soal sheet mask. Di aku kegedean banget bikin muka jd gatel essencenya juga lengket makanya pas kelar pake langsung cuci muka karena ga tahan gatel & lengket bgt ?,2
122,Garnier Hydrabomb Serum Mask,Garnier sakura serum mask di aku kurang puas sih pakenya. Beli ini juga penasaran tp aku takut karna kulit aku agak sensitive pas pake gk ada pengaruhnya sama sekali di aku cuma dingin dingin aja yg aku rasa. Untuk harga agak mahal bagi pelajar.,3
123,Garnier Hydrabomb Serum Mask,Sheet mask murah meriah tapi kualitas bolehlah.Habis pakai ini muka lembab dan aku gak cuci lagi aku bawa tidur trus besok paginya wajah lembab dan enak buat makeup and lebih nyatu dan segar.,3
124,Garnier Hydrabomb Serum Mask,beli ini karena kepoo dengan sheetmask non korea sheetnya tebel essencenya juga banyak seperti sheetmask umunya. Selese pake emang jadi cerahan sihh tapi sayang langsung keluar whitead 2 biji jadi ga berani lagi mau nyoba varian lainnya. waktu beli harganya 20rban dan menyesal karena 1minggu setelahnya promo jadi murah bangett dimana-mana tapi ga minat repurchase juga sih?,3
125,Garnier Hydrabomb Serum Mask,Packagingnya gede banget beda dari serum2 pada umumnya. Essencenya kentel dan banyak. Wanginya lembut banget bikin relax pas dipake. Gampang ditemhin di minimarket jadi ga harus ke mall buat stock sheetmask,3
126,Garnier Hydrabomb Serum Mask,Serumnya banyak banget meleber leber mantep pokoknyatexturenya juga ga lengket dikulit cepat nyerap juga. Tapiiii maskernya kegedean di wajahku ? melembabkan sih mantul,3
127,Garnier Hydrabomb Serum Mask,Sheet mask yang ini efeknya biasa saja di kulitku kalai dibandingkan dengan yang green tea dan pomegranate. Di wajahku dia kurang melembabkan dan efek mencerahkannya tidak ada.,3
128,Garnier Hydrabomb Serum Mask,Pertama aku beli karena aku nyari masker ini gampang ditemukan dan hasilnya bagus banget di wajah aku wajah aku jadi lembut dan kenyal. aku pakai setengah jam dan ternyata essencenya banyak juga dan cepat meresap. sangat recommended.,3
129,Garnier Hydrabomb Serum Mask,Sheet mask ini lumayan tebel essencenya juga lumayan banyak setelah aku pakai ini kulit rasanya lebih fresh dan lebih kenyal sayangnya untuk harganya sheet mask ini agak mehong untuk kantong aku huhu T.T padahal sukak.,3
130,Garnier Hydrabomb Serum Mask,Garnier serum mask yang sakura ini cukup hydrating di kulit aku. Terasa agak sedikit lengket daripada kebanyak sheet mask. Dan untuk efek tampak cerah meronanya kurang terasa. But it’s okay karena aku suka banget sama sakura jadi gak masalah?,3
131,Garnier Hydrabomb Serum Mask,sukaaaa banget sama serum masknya garnier sehabis pemakaian wajah jadi lembut kenyal halus. cuma serum sisa dari masknya sedikit agak lengket ditangan. hasilnya top sekali,3
132,Garnier Hydrabomb Serum Mask,Gasuka sama maskernya karna terlalu tebal. Ga ngefek apa-apa di kulit dan ga bikin kulit jadi lembab tapi ga bikin wajah jadi breakout. Terlalu mahal buat produk yang ga ngefek apa-apa.,3
133,Garnier Hydrabomb Serum Mask,Menurut klaimnya efeknya bakal terlihat setelah 7 hari but I dont think so. Tapi gak nimbulin reaksi negatif jg sih setelah pakai ini jadi ya just so so. Sheetmasknya lebar banget essencenya jg banyak dan agak useless sih sama paper film warna birunya. Tapi menurutku ini inovasi yg perlu diapresiasi banget dr Garnier good joob!,3
134,Garnier Hydrabomb Serum Mask,aku suka banget sama variant yg greentea untuk muka aku yg lg tumbuh acne. jadi bisa buat muka aku lebih tenang dan jerawatnya dibuat kering  essence ny yang selalu melimpah pokoknya suka bgt,3
135,Garnier Hydrabomb Serum Mask,ini maskernya lebaar dan tebell banget. essencenya juga banyak banget. dan setelah pake masker ini kulit wajah langsung jadi lembab dan lembut gitutapi ga bertaha sehari hehe,3
136,Garnier Hydrabomb Serum Mask,overall suka sama sheetmask ini. tapi aku kurang suka packagingnya . gede banget. wkwk. padahal sheetmask lain ga sbesar ini. mungkin karna banyak banget essnce yang dimasukin kali ya. hasilnya setelah pake ini kulit jadi lembab banget dan halus. aku pake sebelum tidur sampe pagi dan alhamdulillah bagus2 aja wkwk,3
137,Garnier Hydrabomb Serum Mask,Sempet takut nggak cocok pas mau coba pake ini tapi ternyata di pemakaian pertama aku malah sukaaak banget. Tissuenya tipis udah gitu essencenya menurutku cukup nggak telalu banyak dan konsistensinya nggak begitu kental jd cepet nyerapnya dan ga lengket di kulit,4
138,Garnier Hydrabomb Serum Mask,Sesuka itu sama sheetmask ini yg seri ini sebenernya buat kulit kering di aku yg kulit kombinasi cenderung ke berminyak sama aja sih hasilnya melembabkan. Sudah coba semua serinya kecuali yg warna kuning dan bau dari seri pomegranate ini yg paling aku sukaaa. Must try sih.,4
139,Garnier Hydrabomb Serum Mask,woo aku akhirnya menemukan varian yang tepat untuk kulitku dari serum mask ini mudah di aplikasikan essence nya juga banyak dan harum lagi ini bener bener melembabkan kulitku yang cenderung kering ini udah gitu bikin kenyal kenyal gitu gak bikin jerawatan tapi didaerah aku varian ini agak susah dicari harganya sekiitar Rp. 20.000,4
140,Garnier Hydrabomb Serum Mask,nyobain sheetmask ini pas lagi nge hype lucu gitu kan bungkusnya XDDD terus coba yang varian sakura enak sih pas pakai dia essence nya nggak lengket tapi dimukaku habis pakai ini muncul jerawat TT,4
141,Garnier Hydrabomb Serum Mask,Mask sheet dengan 2 lapisan putih dan biru. Ukurannya pas dengan bentuk wajah dengan essence melimpah. Klaimnya cukup dipakai 15 menit setara dengan kebutuhan serum 1 minggu. Disarankan menggunakan rutin 3x seminggu untuk hasil maksimal. Hasilnya pada penggunaan pertama kulit jadi lembab kenyal dan lembut. Mungkin kalau dipakai rutin dapat efek mencerahkannya. Hehehe,4
142,Garnier Hydrabomb Serum Mask,sheet mask kesukaan ku! pakek ini seminggu 2kali. yang bikin aku suka itu serum nya bener-bener banyaaaaaaak banget kadang sampe netes kemana-mana huhuhu. abis pakek ini kulit jadi terasa bener-bener lembab. walaupun serum nya agak lengket menurut ku tapi ya its okay. i still like it anyway!,4
143,Garnier Hydrabomb Serum Mask,Aku excited banget sama yang namanya masker pas tau masker ini aku langsung nyoba packagingnya gemasssss ada sakura sakuranya harganya lumayan terjangkau buat sheet mask wanginya enak banget bener bener melembabkan dan kulit jadisoft bangeeeeet tapi gatau kenapa besoknya aku langsung mucul jerawat :( jadi aku belum berani buat coba pake lagi.,4
144,Garnier Hydrabomb Serum Mask,Udah wanginya harum banget dan seger pas buat healing me time ini ya. Kalo rutin pake dia kelihatan banget bedanya. Langsung mencerahkan tapi juga ngelembabin banget Harga yg mudah terjangkau dan kualitas bahannya yg bagus jadi affordable banget buat pilihan nih,4
145,Garnier Hydrabomb Serum Mask,Kemasannya gede banget harganya lumayan mahal di daerahku tapi mudah ditemukan di minimarket. Saat penggunaan kita harus melepaskan 'pelindung' sheet masknya aku kurang tau manfaat pelindung ini apa tapi kupikir malah ribet. Aku tidak merasakan wajahku seakan menggunakan serum seminggu sesuai klaimnya. Essence varian sakura ini cepet banget kering dan meresap.,4
146,Garnier Hydrabomb Serum Mask,suka bangetttt serumnya banyak banget nyegerin muka bangett cuma hasil cerah nya ngga secerah yang di claim di packaging nya yaa but enak banget untuk di pake,5
147,Garnier Hydrabomb Serum Mask,Hidrasinya mantul parah. Buat kulit kering dan nga pernah skin carean sblum make up bisa skin prep pake ini udh ngebantu banget si. Wanginya relax banget,5
148,Garnier Hydrabomb Serum Mask,Pernah pake ini karna tertarik dengan review-review orang yg katanya beneran bisa bikin muka cerah. Pas aku cobain ternyata emang beneran bikin wajah lebih cerah dan seger gitu. Essencenya juga banyak dan wanginya enak. Repurchase? Of course!,5
149,Garnier Hydrabomb Serum Mask,aku suka banget sama serum mask ini. waktu pertama kali aku beli dan aku liat ternyata kemasan nya gede banget. pas di pake juga enak. jadi cerah padahal sebelumnya aku lagi kusam banget.,5
150,Garnier Hydrabomb Serum Mask,Ini facemask baru dari garnier yang bikin aku penasaran banget. katanya sekali pake kandungan serumnya sama kayak untuk seminggu pemakain serum. Wah bikin penasaran banget. akhirnya aku nyoba yang sakura karena emang muka aku lg agak kusam karna kebanyakan kegiatan diluar kantor. suka banget serumnya banyaaak dan bentuk facemasknya cocok di face aku. ga yang meleber gitu. hasilnyaa bener-bener ajaib. aku baru pake seminggu sekali selama dua minggu di minggu ketiga keliatan banget dong hasilnya.,5
151,Emina Masquerade Face Mask,sayang banget aku udh beli ini 7 niatnya buat seminggu eh baru pertama kali udah langsung brutusan dan merah merah:( huhuhu pdhl wanginya enak bgt menurut aku,1
152,Emina Masquerade Face Mask,baru pake ini 3menit tbtb jerawat rasanya nyut nyut an dan sakit bgt akhirnya langsung ku copot terus bekas nya jd gatel bgt parah gakuat:( besoknya langsung muncul jerawat baru,1
153,Emina Masquerade Face Mask,Sebelum pakai aku taroh di kulkas dulu biar enak pas dipakenya hehe aku pake malem lebaran berharap besoknya wajah bisa enak dipandang gak kusam dan gak jerawatan hm minimal gak kusamlah. Tapi nyatanya efek brighteningnya nyaris gak ada ,1
154,Emina Masquerade Face Mask,masquerade rice ini sukses bikin aku breakout walau lagi sedang dipakai tetiba ada jerawat merah nongol di pipi rahang bawah kiri padahal baru pakai kurleb 5 menit. Lalu wanginya overwhelming sampai pusing. Cuma suka lembar maskernya tipis ga bikin pengap.,1
155,Emina Masquerade Face Mask,Untuk aku pribadi aku ga suka sama wanginya. Buatku ini terlalu menyengat. Waktu aku coba baru 1 menit aku pake langsung aku copot dan bersihin karna wanginya bikin mual. Hiks,2
156,Emina Masquerade Face Mask,masker emina ini mampu mengurangi minyak berlebih di wajah menjadikan kulit halus dan berseri dan masker ini cocok untuk semua jenis kulit dan masker ini memberikan kelembaban yang lama. keren kan,2
157,Emina Masquerade Face Mask,rasanya dingin saat dipakai essencenya berlimpah aromanya lembut dan ga ganggu harganya murah karna lagi diskon kemasannya simple dan gambar dikemasannya bagus jadi pengen beli cuma aku benar benar ga suka sama lembaran maskernya,2
158,Emina Masquerade Face Mask,Waktu itu saya mendapatkan masker Emina Masquerade Sheet Mask dengan kandungan Sunflower Seed Oil membuat untuk membuat kulit aku terasa lebih kencang dan menjaga dari kulit kusam karena polusi. Pas bngt deh sama aku yang bnyk aktifitas di luar,2
159,Emina Masquerade Face Mask,pertama kali nyoba sheet mask pake inii dan juga pas lagi diskon hehee cukup melembabkan sih tapi di aku efeknya malah jadi kusam banget nget huhu sedih banget padahal enak banget dipakenya,2
160,Emina Masquerade Face Mask,Setelah menggunakan sheet mask varian aloevera kulitku yang cenderung berminyak menjadi bruntusan Padahal beberapa teman cocok menggunakan sheet mask ini.,2
161,Emina Masquerade Face Mask,agak kurang greget yaa sheet mask ini secara aku nya paling suka sama varian rice gitu suka buat efek glowing nya instan gitu biasanya tp kali ini produknya diluar expetasi aku.. biasa aja sih..,2
162,Emina Masquerade Face Mask,Sejauh ini aku ga ngerasaiin manfaat yg menonjol dari sheetmask ini. Biasa aja. Untung harganya terjangkau jadi gak terlalu rugi juga dan syukur syukur ga bikin break out,2
163,Emina Masquerade Face Mask,Essencenya agak cair daripada essence sheet mask korea. Sheetmasknya juga agak tebal. Awal pakai ini baunya strong banget dan udah punya bad feeling pakai ini. Dan bener aja besoknya breakout. Huhu sedih ga cocok sama sheetmask ini selama ini pakai sheetmask dari m******l baik-baik aja berarti emang belum jodoh sama ini sheetmask. Km bisa coba yg ga alergi fragrance mungkin cocok.,2
164,Emina Masquerade Face Mask,sama seperti most of the other variants this one unfortunately isn't for me:( daerah sekitar mata tuh kecil bgt padahal ukuran mataku termasuk kecil jadi bikin perih. maskernya juga geser banget even berdiri/duduk pun maskernya berasa melorot ke bawah bisa sampe nutupin mulut,2
165,Emina Masquerade Face Mask,downsidenya size sekitar mata tuh keciiiil bgt padahal ukuran mataku termasuk kecil sama maskernya geser banget berdiri/duduk pun maskernya berasa melorot ke bawah,2
166,Emina Masquerade Face Mask,awal beli ini waktu masih baru2nya emina ngeluarin sheetmask nya berbagai macam variant packaging nya lucu2. karena aku gak seberapa suka sama essence/serumnya yang gel lengket dan sheetmask ini termasuk gelnya lengket gitu. jadi gak seberapa suka. selama pamaikain beberapa variant ya cuma ngelembapin aja,3
167,Emina Masquerade Face Mask,Local brand yang sheet masknya paling aku suka! harganya udah paling murah selain itu banyak variannya dan yan paling aku suka yang aloe vera enak parah dan hasilnya juga lumayan,3
168,Emina Masquerade Face Mask,Pertama beli karena penasaran sama sheet mask lokal jadi sheet mask emina ini sheet mask lokal pertamaku. Dari efeknya sendiri sih gak kalah sama sheet mask korea mukaku jadi licin lembut lembab dan enak banget! Bangun pagi muka masih kerasa segernya. Recommended banget sih parah bangga sama produk indo! Baunya juga gak menyengat dan sheet masknya pas diwajah gak kebesaran,3
169,Emina Masquerade Face Mask,Sheet masknya tipis banget mirip tissue basah jadinya. Ukuran nya besar banget entah ini ukuran muka manusia darimana. Atau mungkin efek ketipisan kalinya sekali narik langsung jebew :( essencenya banyak banget. Seperti sheet mask pada umumnya beresnya bikin kulit lembab. Untuk kontrol minyaknya lumayan. Mungjin harus sering dipake juga biar keliatan hasilnya,3
170,Emina Masquerade Face Mask,Pertama kali coba sheet mask ini wanginya enak ga terlalu tajam abis pake ini muka jadi berasa lebih alus aja dan bakal jadi sheet mask favorit ku deh. Packaging nya gemes2,3
171,Emina Masquerade Face Mask,Aku beli ini awalnya iseng bareng adekku trs pas dicoba dirumah belum 5 menit muka aku gatal bgt trs perih di area sekitar hidung jadi aku lepas deh,3
172,Emina Masquerade Face Mask,Murmer banget cuma 11ribuan sudah dapet sheet mask. Aku pake yg rice yg bungkusnya putih. Klaimnya bantu melembabkan dh hyaluronic acid nya dan bikin putih. Kalo di aku lembabnya dapet tp mutihinnya kurang. Mungkin krn aku cuma pake sekali. Serumnya kental banget dan banyak jadi sisanya bisa dipake di badan ?? terus sheet nya tipin seperti tissue basah,3
173,Emina Masquerade Face Mask,sedih aku ga cocok sama face mask ini. ga tau kenapa aku uda coba 2 kali pakai setiap selesai besoknya pasti tumbuh jerawat kecil warna putih gitu. padahal ekspektasinya tinggi banget ke produk ini. mungkin ada ingredientnya yg aku ga cocok kali ya.,3
174,Emina Masquerade Face Mask,masker emina ini cocok banget dipakai malam hari sebelum perjalanan jauh soalnya habis pakai masker ini muka aku jadi ga gampang kusam dan berseri gitu walaupun melakukan perjalanan dibawah panas matahari,3
175,Emina Masquerade Face Mask,Akhirnya emina ngeluarin sheet mask dan sesuka itu. Lucu luarnya dan berbagai macam varian sejauh ini suka yang aloe vera dan tea tree oil. Belinya beberapa setelah dipakai seger bgt dan beruntusanku meradangnya jadi kurang.,3
176,Emina Masquerade Face Mask,Yang aku rasain sih memberi efek lembab karena ini rice ya jd lumayan mencerahkan juga. Nah essencenya sendiri ga terlalu banyak. Bikin kenyal juga. Lembaran sheetnya agak cepet robek. Just worth it sih tp,3
177,Emina Masquerade Face Mask,Yang aku rasain sih memberi efek lembab karena ini rice ya jd lumayan mencerahkan juga. Nah essencenya sendiri ga terlalu banyak. Bikin kenyal juga. Lembaran sheetnya agak cepet robek. Just worth it sih tp,3
178,Emina Masquerade Face Mask,Shetmask lokal pertama yang saya coba..essencenya sedikit lama meresapnya..kurang rasa dingin..setelah dilepas hanya lembab saja tidak ad rasa kenyal atau lebih cerah ..,3
179,Emina Masquerade Face Mask,Setelah aku pake Masquerade Face Mask emina ini hasilnya jadi bikin kulit lembab dan lembut. Meskipun produk ini produk lokal tapi aku bener bener suka.,3
180,Emina Masquerade Face Mask,Varian pertama yang aku cobain dari sheet mask nya Emina. Ukuran nya pas pada wajah. Tekstur sheet mask nya pun ngga terlalu tebal maupun tipis. Aroma harum nya enak dan langsung terlihat mencerahkan lho,3
181,Emina Masquerade Face Mask,Cobain yang varian pomegrante wanginya manis banget enak face masknya gampang buat dipakein ke muka setelah pake ini jadi lembab banget dan lumayan bikin tekstur kulitnya jadi lebih halus,3
182,Emina Masquerade Face Mask,enak harum tapi di aku kayak tidak ada efek nya hanya sedikit sekali lembab nya selain itu sih tidak ada tapi masker nya lembut dan pas di wajah segar,3
183,Emina Masquerade Face Mask,sheetmask lokal yg pertama kali aku cobain. maskernya tipis banget. nyaman banget di pake. pas lah buat muka aku. essence dia banyak. pas habis pake ini wajah aku lembab dan cerah.,3
184,Emina Masquerade Face Mask,Varian pertama yang aku cobain dari sheet mask nya Emina. Ukuran nya pas pada wajah. Tekstur sheet mask nya pun ngga terlalu tebal maupun tipis. Aroma harum nya enak dan langsung terlihat mencerahkan lho,4
185,Emina Masquerade Face Mask,Packaging nya lucu dan gemesin banget. Untuk wanginya ngga terlalu nyengat. Essence nya lumayan banyak. Abis aku pake sheet mask ini bikin kulit mukaku lembab dan sedikit cerah.,4
186,Emina Masquerade Face Mask,awal beli ini waktu masih baru2nya emina ngeluarin sheetmask nya berbagai macam variant packaging nya lucu2. karena aku gak seberapa suka sama essence/serumnya yang gel lengket dan sheetmask ini termasuk gelnya lengket gitu. jadi gak seberapa suka. selama pamaikain beberapa variant ya cuma ngelembapin aja.,4
187,Emina Masquerade Face Mask,iseng beli ini di minimarket. essence dari maskernya banyak banget sampe aku pakein ke tangan dan leher wanginya ga aneh aneh biasa aja efeknya di kulit setelah pake kukit jadi lembap plus cerah sedikit,4
188,Emina Masquerade Face Mask,awal beli ini waktu masih baru2nya emina ngeluarin sheetmask nya berbagai macam variant packaging nya lucu2. karena aku gak seberapa suka sama essence/serumnya yang gel lengket dan sheetmask ini termasuk gelnya lengket gitu. jadi gak seberapa suka. selama pamaikain beberapa variant ya cuma ngelembapin aja.,4
189,Emina Masquerade Face Mask,Salah satu sheetmask daribproduk lokal yang oke juga wanginya aku suka dan sheetnya pas. Setelah pake ini mukaku lebih lembab segar dan gak keliatan kusam ini yang aku suka,4
190,Emina Masquerade Face Mask,Ini adalah salah satu sheet mask yang harganya terjangkau. Untuk produk emina sendiri harganya kebanyakan itu di kantong pelajar. Aku baru tau beberapa bulan lalu kalau si emina keluarin sheet mask tapi variannya menurut ku masih terbatas. Lumayan bagus sih. Dan pas di wajah,4
191,Emina Masquerade Face Mask,Essencenya pas ga kebanyakan tapi ga pelit juga kertasnya juga lembut dan tipis ukurannya juga pas di semua bagian muka. Sesuai dengan klaimnya dia beneran soothing dan calming. Wanginya ga yang alkohol atau menyengat banget. Tapi kayanya aku ada sedikit alergi sama kandungan aloe vera karena berasa sedikit gatel dibagian sekitar mulut.,4
192,Emina Masquerade Face Mask,Varian pertama yang aku cobain dari sheet mask nya Emina. Ukuran nya pas pada wajah. Tekstur sheet mask nya pun ngga terlalu tebal maupun tipis. Aroma harum nya enak dan langsung terlihat mencerahkan lho,4
193,Emina Masquerade Face Mask,Abis pake yang varian tea tree entah kenapa mukaku malah jadi gatel-gatel dibagian pipi sama jawline. Padahal udah berekspektasi tinggi karena essencenya ga pelit wangi tea tree nya pas ga terlalu menyengat. Kertasnya juga lembut dan pas buat bikin essence meresap dikulit ukurannya juga pas di mukaku. Tekstur essence nya ya seperti sheetmask pada umumnya aja. Harganya juga ga bikin dompet tipis!!,4
194,Emina Masquerade Face Mask,Tekstur essence nya enaaaak banget cair kaya air ngga lengket dan lumayan cepet meresap. Tapi kurang suka sama aroma parfum nya agak nyegrak klo menurutku yang sensitif sama wewangian. Yang Tea Tree Oil oke banget dipake pas ada jerawat eh besok paginya jerawat mengecil. Yang Aloe Vera sama Rice ngga berasa apa-apa cuma hydrating aja aroma parfumnya lumayan lebih kuat yang Rice. Yang Sunflower Seed Oil lebih keliatan bikin cerah wajah. Sukaa pokoknya.,4
195,Emina Masquerade Face Mask,Enak banget setelah dipakai dimuka. Bikin wajah keliatan bersih. Apalagi kalo pakainya rutin. Efeknya bakal lebih kerasa. Jangan lupa skincare yg lainnya juga,5
196,Emina Masquerade Face Mask,sheetmask lokal pertama yg aku cobain. packagingnya cute banget emang ditujukan buat para remaja ya kayaknya. ada 5 varian dan aku beli semuanya karna penasaran. kapas masknya cukup tipis serumnya banyak banget sampe basah. sejauh ini efek yg aku rasain cuma lembabnya aja sih.,5
197,Emina Masquerade Face Mask,Varian yang paling aku sukaa. Teksturnya sama kaya varian lain ringan watery ngga lengket dan cepet meresap. Diantara semua varian lain yang menurutku paling lembut adalah varian sunflower seed oil ini. Hasilnya juga langsung keliatan cerah dan lumayan bertahan lama. Dipakai beberapa kali bener-bener keliatan lebih bersih dan ngga ada kusam.,5
198,Emina Masquerade Face Mask,aku tuh awalnya beli sheetmask ini cuma karena packaging nya yg super lucu. Tapi pas dipakai ternyata lumayan juga. Varian favoritku itu yg rice karena ini sekali dipakai juga langsung keliatan nyerahin dan mudarin bekas jerawat varian yg lainnya biasa aja. Wanginya juga aku suka banget karena super enak dan segar.,5
199,Emina Masquerade Face Mask,Sheet mask dari Emina ini packagingnya teenager banget.Dari segi harga dia murah.Sheet masknya tipistapi essencenya banyak.Kalau dipakai pas di wajahessencenya juga enggak lengket.Karna essence dari sheet mask ini banyaksisanya suka aku pakai sama compressed mask.,5
200,Emina Masquerade Face Mask,Kusuka banget sama sheet mask emina tissuenya pas diwajah jadi nyaman dipakenya essence nya sangat banyak. Bikin wajahku lebih halus dan lembab sepanjang hari,5
