No,Produk,Ulasan,Rating,Link
1,Missha Airy Fit Sheet Mask Rice,Aku kurang suka sama sheetmask ini. Aku pkai kok jadi herah gitu abisnya ya kaya panas. Padahal udah dmasukin kulkas dulu. Padahal kita berharap setelah pakai sheetmask itu seger gitu sad,1,https://www.sociolla.com/sheet-mask/10565-airy-fit-sheet-mask-rice
2,Missha Airy Fit Sheet Mask Rice,Bought the product a month ago or sth from this site and got the worst breakout ever. Made my skin very sensitive ever since. Will never repurchase/recommend to anyone.,1,https://www.sociolla.com/sheet-mask/10565-airy-fit-sheet-mask-rice
3,Missha Airy Fit Sheet Mask Rice,Agak rugi gitu beli ini. Gak sesuai harapan sihh... Sedih banget.. kayaknya gak cocok gitu sama masker ini.,2,https://www.sociolla.com/sheet-mask/10565-airy-fit-sheet-mask-rice
4,Missha Airy Fit Sheet Mask Rice,awal maskernya di ambil gila serumnya sampe bercucuran kemana mana karena saking banyaknya serumnya kentel gitu warnanya kaya bekas cucian beras. pas dipake maskernya makin kering setelah d ambil maskernya serum sedikit berkurang dan mengering tapi bikin wajah lembab kalo efek mencerahkan sekali pakai belum terlihat,2,https://www.sociolla.com/sheet-mask/10565-airy-fit-sheet-mask-rice
5,Missha Airy Fit Sheet Mask Rice,sheet mask yang sesuai sama kantong pelajar selain murah juga mudah di apply sangat cocok untuk kulitku yang teksturnya sensitif dan kering yang mengalami perubahan cuaca,2,https://www.sociolla.com/sheet-mask/10565-airy-fit-sheet-mask-rice
6,Missha Airy Fit Sheet Mask Rice,Aku ga gitu cocok sih pakai ini. Essencenya banyak tp mudah menyerap sheetnya tipis which is good buatku ukurannya jg oke ga yg kecil atau terlalu besar. Tapi begitu apply agak panas di muka dan ga glowing setelahnya. Jd kayanya ga akan repurchase lg deh,3,https://www.sociolla.com/sheet-mask/10565-airy-fit-sheet-mask-rice
7,Missha Airy Fit Sheet Mask Rice,Cobain beli sheet mask ini waktu lagi diskon. To be honest not a big fan tapi bukan nggak suka juga sama sheet mask ini. Teksturenya watery jadi ringan banget dan cepat meresap ke dalam kulit. Untuk bahan sheet masknya agak tipis jadi mudah sobek dan kurang pas dipake di mukaku. Sheet masknya juga heavily fragranced jadi bagi yang punya kulit sensitive mungkin harus hati-hati. Untuk efek whitening masih belum berasa karena baru sekali cobanya tapi untuk efek hydrating dapet banget,3,https://www.sociolla.com/sheet-mask/10565-airy-fit-sheet-mask-rice
8,Missha Airy Fit Sheet Mask Rice,Aku sering menggunakan sheet mask dari brand berbeda - beda. Tekstur masker brand ini lembut banget dan adem saat digunakan. Untuk efeknya cukup melembabkan.,3,https://www.sociolla.com/sheet-mask/10565-airy-fit-sheet-mask-rice
9,Missha Airy Fit Sheet Mask Rice,Efek setelah pakenya kayak sheet mask lainnya sih ngelembabin bikin kulit lembut plusnya ini ngasih efek instantly bright dan essencenya cepet nyerep. Sheetnya ini super tipis kurang suka sih soalnya butuh effort lebih buat unfoldnya. Ukurannya juga ikutan berubah ngebesarin gitu.,4,https://www.sociolla.com/sheet-mask/10565-airy-fit-sheet-mask-rice
10,Missha Airy Fit Sheet Mask Rice,Ini kali pertama aku nyobain sheet mask yang rice dari missha. Texture nya enak dingin-dingin gitu pas di pakai dan menurutku bagus sih harganya juga sangat terjangkau dan juga bikin kulit ga kusam dan jadi lembab,4,https://www.sociolla.com/sheet-mask/10565-airy-fit-sheet-mask-rice
11,Missha Airy Fit Sheet Mask Rice,wangi nya gak ganggu  essence nya lumayan banyak dan ukuran masknya pas essence nya cepet nyerap dan sama kaya mask mask lain bikin muka lembab aja sih,5,https://www.sociolla.com/sheet-mask/10565-airy-fit-sheet-mask-rice
12,Missha Airy Fit Sheet Mask Rice,Kalian harus bgtbgt cobain ini sheetmask nya!! Salah satu varian rice favorit aku gak ngerti lagi ini enak banget astagfirullah ?? abis pake ini besok paginya mukaku berasa kinclong gitu wkwk tapi emang ini bikin cerah sihh,5,https://www.sociolla.com/sheet-mask/10565-airy-fit-sheet-mask-rice
13,Missha Airy Fit Sheet Mask Rice,Sheet mask yang enak dipakai pas di muka ngasih efek lembab juga enak dipakai wanginya ga nyengat si pokoknya sangattttttttt recommended bisa di restock banyak2 hehe,5,https://www.sociolla.com/sheet-mask/10565-airy-fit-sheet-mask-rice
14,Breylee Sheet Mask Vitamin C,Untuk kulit sensitif hati hati yaa kalo ga cocok pasti langsung kemerahan.. di aku belum 5 menit udah cabut efeknya malah panas dan gatal gatal.. entah produknya yang ga bagus atau memang kulitku yang terlalu sensitif.,1,https://www.sociolla.com/sheet-mask/57824-sheet-mask-vitamin-c-mencerahkan-kulit-wajah
15,Breylee Sheet Mask Vitamin C,kaget murah bangett sering diskon gitu hahahhahhasebenernya yang ga terlalu gimana mana gitu sih cuma buat nyerahin di aku agak lama ajaaa tp bagus kok,2,https://www.sociolla.com/sheet-mask/57824-sheet-mask-vitamin-c-mencerahkan-kulit-wajah
16,Breylee Sheet Mask Vitamin C,aku udah pernah pake ini sblm kasih ini ke temen. sebenernya ga ngaruh sih utk mencerahkan. efek melembapkan juga ga seberapa dan dia kayak ada wangi nya gt yg aku kurang suka dan klo kelamaan bikin gatel. tp di temenku cocok jd tgt jenis kulit msg2 ya,2,https://www.sociolla.com/sheet-mask/57824-sheet-mask-vitamin-c-mencerahkan-kulit-wajah
17,Breylee Sheet Mask Vitamin C,iseng juga coba another varian face mask dari breylee. Ya gitu ajaa ga yang gimana-gimana. enak nyegerin lebih seger kalau dimasukin ke kulkas duluuu. mungkin harus coba beberapa kali biar efeknya kerasa kali ya,3,https://www.sociolla.com/sheet-mask/57824-sheet-mask-vitamin-c-mencerahkan-kulit-wajah
18,Breylee Sheet Mask Vitamin C,beli ini ga sengaja karena kebetulan diskon. Lumayan bagus kok. Sheetnya pas di muka jadi nge-set nya mudah. Produknya ngelembabin tp afternya yaudah sih biasa aja.,3,https://www.sociolla.com/sheet-mask/57824-sheet-mask-vitamin-c-mencerahkan-kulit-wajah
19,Breylee Sheet Mask Vitamin C,Not very moisturizing sebenernya ada harga ada rupa sihh kebetulan ini emg affordable bgt tp menurutku ada yg lebih worth it dengan harga ga jauh beda. The smell is also kind of off putting its not exactly bau obat tp idk what it is.,3,https://www.sociolla.com/sheet-mask/57824-sheet-mask-vitamin-c-mencerahkan-kulit-wajah
20,Breylee Sheet Mask Vitamin C,Masker yang affordable dan setelah pemakaian bikin muka keliatan lebih cerah dan bersih. Essencenya juga melimpah jadi bisa diratain lagi ke muka setelah pemakaian maskernya,4,https://www.sociolla.com/sheet-mask/57824-sheet-mask-vitamin-c-mencerahkan-kulit-wajah
21,Breylee Sheet Mask Vitamin C,baguss saya sudah pernah menggunakan produk ini sebelumnya dan saya suka banget karena wajah saya lebih terlihat cerah dari pada sebelumnya terimakasih,5,https://www.sociolla.com/sheet-mask/57824-sheet-mask-vitamin-c-mencerahkan-kulit-wajah
22,Mediheal Teatree Essential Mask,Tidak seperti review2 yg ada tidak ngaruh ke jerawat malah jerawat makin banyak dan jerawat kecil jadi besar. Tidak seperti yang di harapkah. Hiks hiks hiks aku sedih udh beli banyak.,1,https://www.sociolla.com/sheet-mask/9039-teatree-care-solution-essential-mask-ex
23,Mediheal Teatree Essential Mask,Padahal kata orang orang bagus untuk ngilangin jerawat aku pakai ini waktu ada jerawat satu aja langsung nambaj jadi 3 jerawat. Texturenya tuh lengket banget bikin muka greasy aku nggak ngerti kenapa pada suka masker ini sih beneran.,1,https://www.sociolla.com/sheet-mask/9039-teatree-care-solution-essential-mask-ex
24,Mediheal Teatree Essential Mask,dari dulu pgn bgt produk inni soalnya suka bruntusan dan ktnya produk ini bisa membantu calming tp blm kesampean hiksss sebel bgt pdhl srg bgt tbtb ada jerawat atau bruntusan tbtb,1,https://www.sociolla.com/sheet-mask/9039-teatree-care-solution-essential-mask-ex
25,Mediheal Teatree Essential Mask,bad! pake masker ini berharap minyak berkurang dan jerawat kempes tapi yang ada malah jerawat meradang ga kempes dan muncul jerawat yang lumayan besar. ga cocok pake varian tea tree ,2,https://www.sociolla.com/sheet-mask/9039-teatree-care-solution-essential-mask-ex
26,Mediheal Teatree Essential Mask,Banyak banget yang cocok sama masker ini tapi sayangnya aku engga mungkin karena aku memang ga cocok sama tea tree karena udah beberapa pake produk yang ada tea treenya langsung beruntusan,2,https://www.sociolla.com/sheet-mask/9039-teatree-care-solution-essential-mask-ex
27,Mediheal Teatree Essential Mask,Padahal aku udah berharap banget pengen cocok sama produk ini. eh ternyata aku ga cocok sama sekali muka aku langsung breakout parah. Sedih banget rasanya untung belinya pas diskon ehehe,2,https://www.sociolla.com/sheet-mask/9039-teatree-care-solution-essential-mask-ex
28,Mediheal Teatree Essential Mask,Aku acne prone skin yang reaktif banget sama produk yang baru dicoba. Pake malem kalo pagi gak cocok pasti langsung jerawatan. Ini salah satu produk yang gak cocok sama aku,2,https://www.sociolla.com/sheet-mask/9039-teatree-care-solution-essential-mask-ex
29,Mediheal Teatree Essential Mask,di aku sheetmask ini mudah bgt kegeser. tapi ini sheetmask enak dah. lembarannya tipis tp ga gampang robek. essencenya juga banyaak. kalau pake ini jerawat jg gampang kering. tapi essencenya kaya agak lengket gt ya jd kalau pagi2 msh kerasa lengketnya tapi melembabkan juga. pokoknya enak daah,3,https://www.sociolla.com/sheet-mask/9039-teatree-care-solution-essential-mask-ex
30,Mediheal Teatree Essential Mask,Mask ini bisa meredakan kulit yang stress dan nenangin kulit yang iritasi. Buat aku yang bermasalah sama jerawat juga cocok nih karena tea tree bagus buat jerawat.,3,https://www.sociolla.com/sheet-mask/9039-teatree-care-solution-essential-mask-ex
31,Mediheal Teatree Essential Mask,pake ini enak sensasinya dingin menenangkan jadi masih suka simpen essencenya haha minusnya sih aku ga suka sama wanginya yang kaya minyak kayu putih lumayan mengganggu belum tau efeknya setelah pake 2x kayanya sama aja,3,https://www.sociolla.com/sheet-mask/9039-teatree-care-solution-essential-mask-ex
32,Mediheal Teatree Essential Mask,Ukuran sheetmask pas di wajah gak terlalu besar. Tekstur kertasnya lembut dan ada watermarknya hihi.. Essencenya not too much. It smells good for me bcs I dont have any problems with tea tree dan claimnya cocok utk kulitku yg normal to oily. It also moisturize my skin well!,3,https://www.sociolla.com/sheet-mask/9039-teatree-care-solution-essential-mask-ex
33,Mediheal Teatree Essential Mask,Salah satu tipe masker mediheal yang kurang cocok di wajahku padahal mukaku termasuk tipe yang normal. Entah mengapa setelah malamnya ku pakai masker ini keesokan harinya jerawat bruntusanku malah bertambah banyak,3,https://www.sociolla.com/sheet-mask/9039-teatree-care-solution-essential-mask-ex
34,Mediheal Teatree Essential Mask,Aku suka banget sama Teatree Care Soulution Essential Mask EX nya mediheal ini pas di buka kemasan nya sheet nya lumayan tipis dan sisa air nya lumayan banyak di bagian leher aku biasa nya pakein juga sisa air nya pas di pake ademm banget..,4,https://www.sociolla.com/sheet-mask/9039-teatree-care-solution-essential-mask-ex
35,Mediheal Teatree Essential Mask,"Suka banget sama sheet mask dari mediheal ini aku pake yang varian ini karena aku klo abis makeup & ga cocok sama makeupnya pasnti aku pakai ini unyuk ngurangin merah"" dipipiku",4,https://www.sociolla.com/sheet-mask/9039-teatree-care-solution-essential-mask-ex
36,Mediheal Teatree Essential Mask,Aku suka banget sama Teatree Care Soulution Essential Mask EX nya mediheal ini pas di buka kemasan nya sheet nya lumayan tipis dan sisa air nya lumayan banyak di bagian leher aku biasa nya pakein juga sisa air nya pas di pake ademm banget,4,https://www.sociolla.com/sheet-mask/9039-teatree-care-solution-essential-mask-ex
37,Mediheal Teatree Essential Mask,Mediheal Teatree Care Solution Essential Mask EX ini aku suka banget. Apalagi wajah aku yang cenderung berminyak. Suka nya bikin wajah lembab dan masker nya pas di wajah.,5,https://www.sociolla.com/sheet-mask/9039-teatree-care-solution-essential-mask-ex
38,Mediheal Teatree Essential Mask,suka sama produk mediheal. tapi karena harganya yang cukup lumayan mahal jadi lebihi sering beli pas lagi diskon banyak. kemaren beli pas diskon 30%. dipakai enak baunya juga suka,5,https://www.sociolla.com/sheet-mask/9039-teatree-care-solution-essential-mask-ex
39,Garnier Hydrabomb Serum Mask,Ekspektasi aku buat produk ini kayanya terlalu tinggi. Waktu itu muka lg kering keringnya pas pake ini kirain bakal terhidrasi gitu gataunya malah nambah dry patch sedih huhuhu,1,https://www.sociolla.com/sheet-mask/9262-serum-mask
40,Garnier Hydrabomb Serum Mask,beli yang warna biru. tertarik karena klaimnya yg super hydrating tapi ternyata b aja hehe. essence nya mayan banyak tp yang aku rasain setelah pake malah kayak lengket dan efek ngelembapinnya kurang itupun ilang gitu aja stelah beberapa menit._. harganya jg mahal yaaa ditambah gak ada efek yg aku rasain jd cukup sekali repurchase aja? tp kalo kalian pengen beli sheet mask yg gampang didapet di supermarket mending beli r*hto heheh itu bagus,1,https://www.sociolla.com/sheet-mask/9262-serum-mask
41,Garnier Hydrabomb Serum Mask,Di aku gak cocok pertama kali pakai pipi kiriku kerasa panas & perih setelah 15 menitan kucopot sheetmasknya dari wajah ternyata bagian yang panas dan perih itu jadi merah dan iritasi. but buat aku essence dan ketebalan sheetmasknya pas.,1,https://www.sociolla.com/sheet-mask/9262-serum-mask
42,Garnier Hydrabomb Serum Mask,Baanyak essencenya tapi lengket dah.ntah knpa pas bangun tidur mukaku tuh udah merah merah.gabetah bgt make sheetmask dari si garnier kalo gadibilas karna dia lengketnya tuh gahilang. ,1,https://www.sociolla.com/sheet-mask/9262-serum-mask
43,Garnier Hydrabomb Serum Mask,heran sama masker satu ini. soalnya gede banget jadi pakenya sampe ke rambut dong wkwk. teksturnya sticky dan bikin oily banget. juga ini ga ngefek apa apa di kulitku.,1,https://www.sociolla.com/sheet-mask/9262-serum-mask
44,Garnier Hydrabomb Serum Mask,akhir taun 2018 cobais sheet mask garnier ini yg varian ijo muka jf kering parah bgt sampe kulit ngelupas huhu sedih banget gak nyangka cuma karna make sheet mask doang kulit ku bisa separah itu kering nya  mungkin ada kandungan yg gak cocok buat kulit ku yg kering ini .. seabis make emang gak knp2 tp essence nya emang kurang lembab  besokan nya muka jd kering parah bgt huhu,1,https://www.sociolla.com/sheet-mask/9262-serum-mask
45,Garnier Hydrabomb Serum Mask,segitu penasarannya aku sama produk ini dan akhirnya beli haha aku ganyangka sih serum nya bakal yang banyak banget bahkan berlebihan jadi kebuang buang terus kurang suka sama si tissue nya sebab terlalu tipis rasanya suka semua wanginya untuk klaim nya yang paling bener adalah melembabkannya selain itu aku ga ngerasain fungsi lainnya sih.,2,https://www.sociolla.com/sheet-mask/9262-serum-mask
46,Garnier Hydrabomb Serum Mask,Beli sheet mask varian green tea ini karena klaimnya cocok untuk kulit berminyak & kombinasi. Untuk ukuran sheetnya pas di wajahku dan lebih tebal dari sheet mask korea yang biasa ku pake. Essence produk ini juga banyak banget. Pemakaian pertama terasa lengket banget meskipun sheetnya udah dilepas butuh more effort buat tap2 wajah supaya essencenya cepat nyerap. Ternyata paginya begitu bangun wajahku makin berminyak dan malah numbuh jerawat baru. Jadi aku ga bakal repurchase produk ini lagi.,2,https://www.sociolla.com/sheet-mask/9262-serum-mask
47,Garnier Hydrabomb Serum Mask,essence nya super banyaaaakkkkkk sheetmask nya juga pas sih gak terlalu besar. harganya juga lumayan terjangkau sih. kalau untuk pemakaian pertama kali tidak terlalu terlihat efeknya hanya menyegarkan saja,2,https://www.sociolla.com/sheet-mask/9262-serum-mask
48,Garnier Hydrabomb Serum Mask,Airnya banyak banget dan bau alkoholnya nyengat. Pas di buka bungkusnya ada lapisan lagi sheet mask nya menurt aku sih agak ribet pas mau di pake. Pas udah kering muka jadi kaya lengket2 gitu,2,https://www.sociolla.com/sheet-mask/9262-serum-mask
49,Garnier Hydrabomb Serum Mask,kayanya emang aku ga cocok produk garnier ? sehabis pakai ini langsung jerawatan di pipi ? untuk essence dan sheetmasknya kurasa lebih bagus yang sakura,2,https://www.sociolla.com/sheet-mask/9262-serum-mask
50,Garnier Hydrabomb Serum Mask,packagingnya kebesaran sheetmasknya juga pas dimuka aku kebesaran :(( tapi ini serumnya banyak. Wanginya enak. Pas pakai ga ngerasain apa apa sih ga ada efek khusus gitu selain ngelembabin aja,2,https://www.sociolla.com/sheet-mask/9262-serum-mask
51,Garnier Hydrabomb Serum Mask,Garnier sakura serum mask di aku kurang puas sih pakenya. Beli ini juga penasaran tp aku takut karna kulit aku agak sensitive pas pake gk ada pengaruhnya sama sekali di aku cuma dingin dingin aja yg aku rasa. Untuk harga agak mahal bagi pelajar.,3,https://www.sociolla.com/sheet-mask/9262-serum-mask
52,Garnier Hydrabomb Serum Mask,Sheet mask murah meriah tapi kualitas bolehlah.Habis pakai ini muka lembab dan aku gak cuci lagi aku bawa tidur trus besok paginya wajah lembab dan enak buat makeup and lebih nyatu dan segar.,3,https://www.sociolla.com/sheet-mask/9262-serum-mask
53,Garnier Hydrabomb Serum Mask,beli ini karena kepoo dengan sheetmask non korea sheetnya tebel essencenya juga banyak seperti sheetmask umunya. Selese pake emang jadi cerahan sihh tapi sayang langsung keluar whitead 2 biji jadi ga berani lagi mau nyoba varian lainnya. waktu beli harganya 20rban dan menyesal karena 1minggu setelahnya promo jadi murah bangett dimana-mana tapi ga minat repurchase juga sih?,3,https://www.sociolla.com/sheet-mask/9262-serum-mask
54,Garnier Hydrabomb Serum Mask,Packagingnya gede banget beda dari serum2 pada umumnya. Essencenya kentel dan banyak. Wanginya lembut banget bikin relax pas dipake. Gampang ditemhin di minimarket jadi ga harus ke mall buat stock sheetmask,3,https://www.sociolla.com/sheet-mask/9262-serum-mask
55,Garnier Hydrabomb Serum Mask,Serumnya banyak banget meleber leber mantep pokoknyatexturenya juga ga lengket dikulit cepat nyerap juga. Tapiiii maskernya kegedean di wajahku ? melembabkan sih mantul,3,https://www.sociolla.com/sheet-mask/9262-serum-mask
56,Garnier Hydrabomb Serum Mask,Sheet mask yang ini efeknya biasa saja di kulitku kalai dibandingkan dengan yang green tea dan pomegranate. Di wajahku dia kurang melembabkan dan efek mencerahkannya tidak ada.,3,https://www.sociolla.com/sheet-mask/9262-serum-mask
57,Garnier Hydrabomb Serum Mask,woo aku akhirnya menemukan varian yang tepat untuk kulitku dari serum mask ini mudah di aplikasikan essence nya juga banyak dan harum lagi ini bener bener melembabkan kulitku yang cenderung kering ini udah gitu bikin kenyal kenyal gitu gak bikin jerawatan tapi didaerah aku varian ini agak susah dicari harganya sekiitar Rp. 20.000,4,https://www.sociolla.com/sheet-mask/9262-serum-mask
58,Garnier Hydrabomb Serum Mask,nyobain sheetmask ini pas lagi nge hype lucu gitu kan bungkusnya XDDD terus coba yang varian sakura enak sih pas pakai dia essence nya nggak lengket tapi dimukaku habis pakai ini muncul jerawat TT,4,https://www.sociolla.com/sheet-mask/9262-serum-mask
59,Garnier Hydrabomb Serum Mask,Mask sheet dengan 2 lapisan putih dan biru. Ukurannya pas dengan bentuk wajah dengan essence melimpah. Klaimnya cukup dipakai 15 menit setara dengan kebutuhan serum 1 minggu. Disarankan menggunakan rutin 3x seminggu untuk hasil maksimal. Hasilnya pada penggunaan pertama kulit jadi lembab kenyal dan lembut. Mungkin kalau dipakai rutin dapat efek mencerahkannya. Hehehe,4,https://www.sociolla.com/sheet-mask/9262-serum-mask
60,Garnier Hydrabomb Serum Mask,sheet mask kesukaan ku! pakek ini seminggu 2kali. yang bikin aku suka itu serum nya bener-bener banyaaaaaaak banget kadang sampe netes kemana-mana huhuhu. abis pakek ini kulit jadi terasa bener-bener lembab. walaupun serum nya agak lengket menurut ku tapi ya its okay. i still like it anyway!,4,https://www.sociolla.com/sheet-mask/9262-serum-mask
61,Garnier Hydrabomb Serum Mask,Aku excited banget sama yang namanya masker pas tau masker ini aku langsung nyoba packagingnya gemasssss ada sakura sakuranya harganya lumayan terjangkau buat sheet mask wanginya enak banget bener bener melembabkan dan kulit jadisoft bangeeeeet tapi gatau kenapa besoknya aku langsung mucul jerawat :( jadi aku belum berani buat coba pake lagi.,4,https://www.sociolla.com/sheet-mask/9262-serum-mask
62,Garnier Hydrabomb Serum Mask,Udah wanginya harum banget dan seger pas buat healing me time ini ya. Kalo rutin pake dia kelihatan banget bedanya. Langsung mencerahkan tapi juga ngelembabin banget Harga yg mudah terjangkau dan kualitas bahannya yg bagus jadi affordable banget buat pilihan nih,4,https://www.sociolla.com/sheet-mask/9262-serum-mask
63,Garnier Hydrabomb Serum Mask,Kemasannya gede banget harganya lumayan mahal di daerahku tapi mudah ditemukan di minimarket. Saat penggunaan kita harus melepaskan 'pelindung' sheet masknya aku kurang tau manfaat pelindung ini apa tapi kupikir malah ribet. Aku tidak merasakan wajahku seakan menggunakan serum seminggu sesuai klaimnya. Essence varian sakura ini cepet banget kering dan meresap.,4,https://www.sociolla.com/sheet-mask/9262-serum-mask
64,Garnier Hydrabomb Serum Mask,suka bangetttt serumnya banyak banget nyegerin muka bangett cuma hasil cerah nya ngga secerah yang di claim di packaging nya yaa but enak banget untuk di pake,5,https://www.sociolla.com/sheet-mask/9262-serum-mask
65,Garnier Hydrabomb Serum Mask,Hidrasinya mantul parah. Buat kulit kering dan nga pernah skin carean sblum make up bisa skin prep pake ini udh ngebantu banget si. Wanginya relax banget,5,https://www.sociolla.com/sheet-mask/9262-serum-mask
66,Garnier Hydrabomb Serum Mask,Pernah pake ini karna tertarik dengan review-review orang yg katanya beneran bisa bikin muka cerah. Pas aku cobain ternyata emang beneran bikin wajah lebih cerah dan seger gitu. Essencenya juga banyak dan wanginya enak. Repurchase? Of course!,5,https://www.sociolla.com/sheet-mask/9262-serum-mask
67,Garnier Hydrabomb Serum Mask,aku suka banget sama serum mask ini. waktu pertama kali aku beli dan aku liat ternyata kemasan nya gede banget. pas di pake juga enak. jadi cerah padahal sebelumnya aku lagi kusam banget.,5,https://www.sociolla.com/sheet-mask/9262-serum-mask
68,Garnier Hydrabomb Serum Mask,Ini facemask baru dari garnier yang bikin aku penasaran banget. katanya sekali pake kandungan serumnya sama kayak untuk seminggu pemakain serum. Wah bikin penasaran banget. akhirnya aku nyoba yang sakura karena emang muka aku lg agak kusam karna kebanyakan kegiatan diluar kantor. suka banget serumnya banyaaak dan bentuk facemasknya cocok di face aku. ga yang meleber gitu. hasilnyaa bener-bener ajaib. aku baru pake seminggu sekali selama dua minggu di minggu ketiga keliatan banget dong hasilnya.,5,https://www.sociolla.com/sheet-mask/9262-serum-mask
69,Emina Masquerade Face Mask,sayang banget aku udh beli ini 7 niatnya buat seminggu eh baru pertama kali udah langsung brutusan dan merah merah:( huhuhu pdhl wanginya enak bgt menurut aku,1,https://www.sociolla.com/sheet-mask/10675-masquerade-face-mask
70,Emina Masquerade Face Mask,baru pake ini 3menit tbtb jerawat rasanya nyut nyut an dan sakit bgt akhirnya langsung ku copot terus bekas nya jd gatel bgt parah gakuat:( besoknya langsung muncul jerawat baru,1,https://www.sociolla.com/sheet-mask/10675-masquerade-face-mask
71,Emina Masquerade Face Mask,Sebelum pakai aku taroh di kulkas dulu biar enak pas dipakenya hehe aku pake malem lebaran berharap besoknya wajah bisa enak dipandang gak kusam dan gak jerawatan hm minimal gak kusamlah. Tapi nyatanya efek brighteningnya nyaris gak ada ,1,https://www.sociolla.com/sheet-mask/10675-masquerade-face-mask
72,Emina Masquerade Face Mask,masquerade rice ini sukses bikin aku breakout walau lagi sedang dipakai tetiba ada jerawat merah nongol di pipi rahang bawah kiri padahal baru pakai kurleb 5 menit. Lalu wanginya overwhelming sampai pusing. Cuma suka lembar maskernya tipis ga bikin pengap.,1,https://www.sociolla.com/sheet-mask/10675-masquerade-face-mask
73,Emina Masquerade Face Mask,Untuk aku pribadi aku ga suka sama wanginya. Buatku ini terlalu menyengat. Waktu aku coba baru 1 menit aku pake langsung aku copot dan bersihin karna wanginya bikin mual. Hiks,2,https://www.sociolla.com/sheet-mask/10675-masquerade-face-mask
74,Emina Masquerade Face Mask,masker emina ini mampu mengurangi minyak berlebih di wajah menjadikan kulit halus dan berseri dan masker ini cocok untuk semua jenis kulit dan masker ini memberikan kelembaban yang lama. keren kan,2,https://www.sociolla.com/sheet-mask/10675-masquerade-face-mask
75,Emina Masquerade Face Mask,rasanya dingin saat dipakai essencenya berlimpah aromanya lembut dan ga ganggu harganya murah karna lagi diskon kemasannya simple dan gambar dikemasannya bagus jadi pengen beli cuma aku benar benar ga suka sama lembaran maskernya,2,https://www.sociolla.com/sheet-mask/10675-masquerade-face-mask
76,Emina Masquerade Face Mask,Waktu itu saya mendapatkan masker Emina Masquerade Sheet Mask dengan kandungan Sunflower Seed Oil membuat untuk membuat kulit aku terasa lebih kencang dan menjaga dari kulit kusam karena polusi. Pas bngt deh sama aku yang bnyk aktifitas di luar,2,https://www.sociolla.com/sheet-mask/10675-masquerade-face-mask
77,Emina Masquerade Face Mask,awal beli ini waktu masih baru2nya emina ngeluarin sheetmask nya berbagai macam variant packaging nya lucu2. karena aku gak seberapa suka sama essence/serumnya yang gel lengket dan sheetmask ini termasuk gelnya lengket gitu. jadi gak seberapa suka. selama pamaikain beberapa variant ya cuma ngelembapin aja,3,https://www.sociolla.com/sheet-mask/10675-masquerade-face-mask
78,Emina Masquerade Face Mask,Local brand yang sheet masknya paling aku suka! harganya udah paling murah selain itu banyak variannya dan yan paling aku suka yang aloe vera enak parah dan hasilnya juga lumayan,3,https://www.sociolla.com/sheet-mask/10675-masquerade-face-mask
79,Emina Masquerade Face Mask,Pertama beli karena penasaran sama sheet mask lokal jadi sheet mask emina ini sheet mask lokal pertamaku. Dari efeknya sendiri sih gak kalah sama sheet mask korea mukaku jadi licin lembut lembab dan enak banget! Bangun pagi muka masih kerasa segernya. Recommended banget sih parah bangga sama produk indo! Baunya juga gak menyengat dan sheet masknya pas diwajah gak kebesaran,3,https://www.sociolla.com/sheet-mask/10675-masquerade-face-mask
80,Emina Masquerade Face Mask,Sheet masknya tipis banget mirip tissue basah jadinya. Ukuran nya besar banget entah ini ukuran muka manusia darimana. Atau mungkin efek ketipisan kalinya sekali narik langsung jebew :( essencenya banyak banget. Seperti sheet mask pada umumnya beresnya bikin kulit lembab. Untuk kontrol minyaknya lumayan. Mungjin harus sering dipake juga biar keliatan hasilnya,3,https://www.sociolla.com/sheet-mask/10675-masquerade-face-mask
81,Emina Masquerade Face Mask,Varian pertama yang aku cobain dari sheet mask nya Emina. Ukuran nya pas pada wajah. Tekstur sheet mask nya pun ngga terlalu tebal maupun tipis. Aroma harum nya enak dan langsung terlihat mencerahkan lho,4,https://www.sociolla.com/sheet-mask/10675-masquerade-face-mask
82,Emina Masquerade Face Mask,Packaging nya lucu dan gemesin banget. Untuk wanginya ngga terlalu nyengat. Essence nya lumayan banyak. Abis aku pake sheet mask ini bikin kulit mukaku lembab dan sedikit cerah.,4,https://www.sociolla.com/sheet-mask/10675-masquerade-face-mask
83,Emina Masquerade Face Mask,awal beli ini waktu masih baru2nya emina ngeluarin sheetmask nya berbagai macam variant packaging nya lucu2. karena aku gak seberapa suka sama essence/serumnya yang gel lengket dan sheetmask ini termasuk gelnya lengket gitu. jadi gak seberapa suka. selama pamaikain beberapa variant ya cuma ngelembapin aja.,4,https://www.sociolla.com/sheet-mask/10675-masquerade-face-mask
84,Emina Masquerade Face Mask,iseng beli ini di minimarket. essence dari maskernya banyak banget sampe aku pakein ke tangan dan leher wanginya ga aneh aneh biasa aja efeknya di kulit setelah pake kukit jadi lembap plus cerah sedikit,4,https://www.sociolla.com/sheet-mask/10675-masquerade-face-mask
85,Emina Masquerade Face Mask,awal beli ini waktu masih baru2nya emina ngeluarin sheetmask nya berbagai macam variant packaging nya lucu2. karena aku gak seberapa suka sama essence/serumnya yang gel lengket dan sheetmask ini termasuk gelnya lengket gitu. jadi gak seberapa suka. selama pamaikain beberapa variant ya cuma ngelembapin aja.,4,https://www.sociolla.com/sheet-mask/10675-masquerade-face-mask
86,Emina Masquerade Face Mask,Enak banget setelah dipakai dimuka. Bikin wajah keliatan bersih. Apalagi kalo pakainya rutin. Efeknya bakal lebih kerasa. Jangan lupa skincare yg lainnya juga,5,https://www.sociolla.com/sheet-mask/10675-masquerade-face-mask
87,Emina Masquerade Face Mask,sheetmask lokal pertama yg aku cobain. packagingnya cute banget emang ditujukan buat para remaja ya kayaknya. ada 5 varian dan aku beli semuanya karna penasaran. kapas masknya cukup tipis serumnya banyak banget sampe basah. sejauh ini efek yg aku rasain cuma lembabnya aja sih.,5,https://www.sociolla.com/sheet-mask/10675-masquerade-face-mask
88,Emina Masquerade Face Mask,Varian yang paling aku sukaa. Teksturnya sama kaya varian lain ringan watery ngga lengket dan cepet meresap. Diantara semua varian lain yang menurutku paling lembut adalah varian sunflower seed oil ini. Hasilnya juga langsung keliatan cerah dan lumayan bertahan lama. Dipakai beberapa kali bener-bener keliatan lebih bersih dan ngga ada kusam.,5,https://www.sociolla.com/sheet-mask/10675-masquerade-face-mask
89,Emina Masquerade Face Mask,aku tuh awalnya beli sheetmask ini cuma karena packaging nya yg super lucu. Tapi pas dipakai ternyata lumayan juga. Varian favoritku itu yg rice karena ini sekali dipakai juga langsung keliatan nyerahin dan mudarin bekas jerawat varian yg lainnya biasa aja. Wanginya juga aku suka banget karena super enak dan segar.,5,https://www.sociolla.com/sheet-mask/10675-masquerade-face-mask
90,BIOAQUA Sheet Mask Hydrating Essence Face Mask,Malah rusak parah muka jadi jerawatan. Nyesal gue pake skincare bioaqua,1,https://shopee.co.id/BIOAQUA-Sheet-Mask-Hydrating-Essence-Face-Mask-Brightening-Moisturizing-Skin-Care-Anti-aging-Masker-Wajah(25g-pcs)-i.297682305.12915474844?sp_atk=288c1e2c-26ee-4cd3-b172-1c556290174d&xptdk=288c1e2c-26ee-4cd3-b172-1c556290174d
91,BIOAQUA Sheet Mask Hydrating Essence Face Mask,baguss bgt tapi ada bbrapa varian yg bikin lumayan gatel+ panas di kulit aku mungkin ga cocok kali yaa,1,https://shopee.co.id/BIOAQUA-Sheet-Mask-Hydrating-Essence-Face-Mask-Brightening-Moisturizing-Skin-Care-Anti-aging-Masker-Wajah(25g-pcs)-i.297682305.12915474844?sp_atk=288c1e2c-26ee-4cd3-b172-1c556290174d&xptdk=288c1e2c-26ee-4cd3-b172-1c556290174d
92,BIOAQUA Sheet Mask Hydrating Essence Face Mask,Kalau menurut saya pribadi kualitas produknya tidak terasa ya manfaatnya,1,https://shopee.co.id/BIOAQUA-Sheet-Mask-Hydrating-Essence-Face-Mask-Brightening-Moisturizing-Skin-Care-Anti-aging-Masker-Wajah(25g-pcs)-i.297682305.12915474844?sp_atk=288c1e2c-26ee-4cd3-b172-1c556290174d&xptdk=288c1e2c-26ee-4cd3-b172-1c556290174d
93,BIOAQUA Sheet Mask Hydrating Essence Face Mask,Kulit gue jadi ruam ruam merah kecoklat coklatan nih gimana?????? Malah jadi banyak banget jerawat lagi,1,https://shopee.co.id/BIOAQUA-Sheet-Mask-Hydrating-Essence-Face-Mask-Brightening-Moisturizing-Skin-Care-Anti-aging-Masker-Wajah(25g-pcs)-i.297682305.12915474844?sp_atk=288c1e2c-26ee-4cd3-b172-1c556290174d&xptdk=288c1e2c-26ee-4cd3-b172-1c556290174d
94,BIOAQUA Sheet Mask Hydrating Essence Face Mask,Tidak cocok untuk kulit sensitif dapat menimbulkan wajah kemerahan dan gatal,1,https://shopee.co.id/BIOAQUA-Sheet-Mask-Hydrating-Essence-Face-Mask-Brightening-Moisturizing-Skin-Care-Anti-aging-Masker-Wajah(25g-pcs)-i.297682305.12915474844?sp_atk=288c1e2c-26ee-4cd3-b172-1c556290174d&xptdk=288c1e2c-26ee-4cd3-b172-1c556290174d
95,BIOAQUA Sheet Mask Hydrating Essence Face Mask,Bagus nyempenya jga cpt,2,https://shopee.co.id/BIOAQUA-Sheet-Mask-Hydrating-Essence-Face-Mask-Brightening-Moisturizing-Skin-Care-Anti-aging-Masker-Wajah(25g-pcs)-i.297682305.12915474844?sp_atk=288c1e2c-26ee-4cd3-b172-1c556290174d&xptdk=288c1e2c-26ee-4cd3-b172-1c556290174d
96,BIOAQUA Sheet Mask Hydrating Essence Face Mask,Knp abis pakai itu muka langsung banyak bruntusan kak apa karna ngk cocok ap gmn tolong dong penjelasan nya,2,https://shopee.co.id/BIOAQUA-Sheet-Mask-Hydrating-Essence-Face-Mask-Brightening-Moisturizing-Skin-Care-Anti-aging-Masker-Wajah(25g-pcs)-i.297682305.12915474844?sp_atk=288c1e2c-26ee-4cd3-b172-1c556290174d&xptdk=288c1e2c-26ee-4cd3-b172-1c556290174d
97,BIOAQUA Sheet Mask Hydrating Essence Face Mask,"GANTI RATE, BIKIN BERUNTUSAN BYE",2,https://shopee.co.id/BIOAQUA-Sheet-Mask-Hydrating-Essence-Face-Mask-Brightening-Moisturizing-Skin-Care-Anti-aging-Masker-Wajah(25g-pcs)-i.297682305.12915474844?sp_atk=288c1e2c-26ee-4cd3-b172-1c556290174d&xptdk=288c1e2c-26ee-4cd3-b172-1c556290174d
98,BIOAQUA Sheet Mask Hydrating Essence Face Mask,"ternyata biasa aja, maskernya malah bikin wajah kering dan gak melembabkan",2,https://shopee.co.id/BIOAQUA-Sheet-Mask-Hydrating-Essence-Face-Mask-Brightening-Moisturizing-Skin-Care-Anti-aging-Masker-Wajah(25g-pcs)-i.297682305.12915474844?sp_atk=288c1e2c-26ee-4cd3-b172-1c556290174d&xptdk=288c1e2c-26ee-4cd3-b172-1c556290174d
99,BIOAQUA Sheet Mask Hydrating Essence Face Mask,"Cocok² sii ,, nama jg skincare tapi d saya bikin jerawatan",2,https://shopee.co.id/BIOAQUA-Sheet-Mask-Hydrating-Essence-Face-Mask-Brightening-Moisturizing-Skin-Care-Anti-aging-Masker-Wajah(25g-pcs)-i.297682305.12915474844?sp_atk=288c1e2c-26ee-4cd3-b172-1c556290174d&xptdk=288c1e2c-26ee-4cd3-b172-1c556290174d
100,BIOAQUA Sheet Mask Hydrating Essence Face Mask,blm ada perubahan aja di kulit saya. mungkin baru bberapa kali pake jadi blm keliatan hasi,3,https://shopee.co.id/BIOAQUA-Sheet-Mask-Hydrating-Essence-Face-Mask-Brightening-Moisturizing-Skin-Care-Anti-aging-Masker-Wajah(25g-pcs)-i.297682305.12915474844?sp_atk=288c1e2c-26ee-4cd3-b172-1c556290174d&xptdk=288c1e2c-26ee-4cd3-b172-1c556290174d
101,BIOAQUA Sheet Mask Hydrating Essence Face Mask,Sangat disayangkan satu masker bocor (kayak yang udah disobek) jadi essence nya ke mana-mana.,3,https://shopee.co.id/BIOAQUA-Sheet-Mask-Hydrating-Essence-Face-Mask-Brightening-Moisturizing-Skin-Care-Anti-aging-Masker-Wajah(25g-pcs)-i.297682305.12915474844?sp_atk=288c1e2c-26ee-4cd3-b172-1c556290174d&xptdk=288c1e2c-26ee-4cd3-b172-1c556290174d
102,BIOAQUA Sheet Mask Hydrating Essence Face Mask,Berdasarkan penggunaan cocok untuk wajah jerawat,3,https://shopee.co.id/BIOAQUA-Sheet-Mask-Hydrating-Essence-Face-Mask-Brightening-Moisturizing-Skin-Care-Anti-aging-Masker-Wajah(25g-pcs)-i.297682305.12915474844?sp_atk=288c1e2c-26ee-4cd3-b172-1c556290174d&xptdk=288c1e2c-26ee-4cd3-b172-1c556290174d
103,BIOAQUA Sheet Mask Hydrating Essence Face Mask,"eh ternyata maskernya kudu dibilas habis dipake dong, padahal setahu saya tuh ya sheet mask habis dipake ya gak perlu dibilas, ditepuk-tepuk aja sisa essence nya ke muka. Baru kali ini beli sheetmask kudu dibilas habis dipake. Mana belinya banyak pula. Hadeuh",3,https://shopee.co.id/BIOAQUA-Sheet-Mask-Hydrating-Essence-Face-Mask-Brightening-Moisturizing-Skin-Care-Anti-aging-Masker-Wajah(25g-pcs)-i.297682305.12915474844?sp_atk=288c1e2c-26ee-4cd3-b172-1c556290174d&xptdk=288c1e2c-26ee-4cd3-b172-1c556290174d
104,BIOAQUA Sheet Mask Hydrating Essence Face Mask,Untuk hasil prodak cukup bagus lumayan lah untuk harga ada harga ada barang dan harga nya sesuai barangnya lah yah semoga cocok prodaknya kalo hasilnya bagus ntar mungkin beli lagi ya kalo ga berubah fikiran.,3,https://shopee.co.id/BIOAQUA-Sheet-Mask-Hydrating-Essence-Face-Mask-Brightening-Moisturizing-Skin-Care-Anti-aging-Masker-Wajah(25g-pcs)-i.297682305.12915474844?sp_atk=288c1e2c-26ee-4cd3-b172-1c556290174d&xptdk=288c1e2c-26ee-4cd3-b172-1c556290174d
105,BIOAQUA Sheet Mask Hydrating Essence Face Mask,"Bagusss bngttt, sukaaaa jugaaaa. The besstt dehh.",4,https://shopee.co.id/BIOAQUA-Sheet-Mask-Hydrating-Essence-Face-Mask-Brightening-Moisturizing-Skin-Care-Anti-aging-Masker-Wajah(25g-pcs)-i.297682305.12915474844?sp_atk=288c1e2c-26ee-4cd3-b172-1c556290174d&xptdk=288c1e2c-26ee-4cd3-b172-1c556290174d
106,BIOAQUA Sheet Mask Hydrating Essence Face Mask,"Bioaqua ini sangat membantu para kalangan muda saat ini untuk selalu tampil cantik, dengan menggunakan masker ini dapat membuat wajah lebih fresh lembut kencang dan membuat diri lebih percaya diri Terimakasih",4,https://shopee.co.id/BIOAQUA-Sheet-Mask-Hydrating-Essence-Face-Mask-Brightening-Moisturizing-Skin-Care-Anti-aging-Masker-Wajah(25g-pcs)-i.297682305.12915474844?sp_atk=288c1e2c-26ee-4cd3-b172-1c556290174d&xptdk=288c1e2c-26ee-4cd3-b172-1c556290174d
107,BIOAQUA Sheet Mask Hydrating Essence Face Mask,ertama order wktu nyoba ternyata cocok jerawat jadi ga terlalu meradang,4,https://shopee.co.id/BIOAQUA-Sheet-Mask-Hydrating-Essence-Face-Mask-Brightening-Moisturizing-Skin-Care-Anti-aging-Masker-Wajah(25g-pcs)-i.297682305.12915474844?sp_atk=288c1e2c-26ee-4cd3-b172-1c556290174d&xptdk=288c1e2c-26ee-4cd3-b172-1c556290174d
108,BIOAQUA Sheet Mask Hydrating Essence Face Mask,"Maskernya bagussss pollllllll dan wangi dari tiap varian tuhhh enak enak banget, cairan maskernya juga banyak kainnya lembut cocok untuk semua jenis kulit sesuaikan ajh variannya pas mau check out",4,https://shopee.co.id/BIOAQUA-Sheet-Mask-Hydrating-Essence-Face-Mask-Brightening-Moisturizing-Skin-Care-Anti-aging-Masker-Wajah(25g-pcs)-i.297682305.12915474844?sp_atk=288c1e2c-26ee-4cd3-b172-1c556290174d&xptdk=288c1e2c-26ee-4cd3-b172-1c556290174d
109,BIOAQUA Sheet Mask Hydrating Essence Face Mask,Jadi aku udh pake yg blueberry ini enak banget maskernya lembut dan nyaman di pake.,4,https://shopee.co.id/BIOAQUA-Sheet-Mask-Hydrating-Essence-Face-Mask-Brightening-Moisturizing-Skin-Care-Anti-aging-Masker-Wajah(25g-pcs)-i.297682305.12915474844?sp_atk=288c1e2c-26ee-4cd3-b172-1c556290174d&xptdk=288c1e2c-26ee-4cd3-b172-1c556290174d
110,BIOAQUA Sheet Mask Hydrating Essence Face Mask,Sheet masknya bagus cocok untuk semua kulit sudah beberapa kali beli dan bagus suka sekali,4,https://shopee.co.id/BIOAQUA-Sheet-Mask-Hydrating-Essence-Face-Mask-Brightening-Moisturizing-Skin-Care-Anti-aging-Masker-Wajah(25g-pcs)-i.297682305.12915474844?sp_atk=288c1e2c-26ee-4cd3-b172-1c556290174d&xptdk=288c1e2c-26ee-4cd3-b172-1c556290174d
111,BIOAQUA Sheet Mask Hydrating Essence Face Mask,Sheetmask nya bagus nyerap di pori pori muka melembabkan wajah dan mencerahkan. So far bilin kulit adem dan gak jerawat semoga cocok deh,5,https://shopee.co.id/BIOAQUA-Sheet-Mask-Hydrating-Essence-Face-Mask-Brightening-Moisturizing-Skin-Care-Anti-aging-Masker-Wajah(25g-pcs)-i.297682305.12915474844?sp_atk=288c1e2c-26ee-4cd3-b172-1c556290174d&xptdk=288c1e2c-26ee-4cd3-b172-1c556290174d
112,BIOAQUA Sheet Mask Hydrating Essence Face Mask,"Masker nya bagus banget Cepat menyerap,wangi jugaa.",5,https://shopee.co.id/BIOAQUA-Sheet-Mask-Hydrating-Essence-Face-Mask-Brightening-Moisturizing-Skin-Care-Anti-aging-Masker-Wajah(25g-pcs)-i.297682305.12915474844?sp_atk=288c1e2c-26ee-4cd3-b172-1c556290174d&xptdk=288c1e2c-26ee-4cd3-b172-1c556290174d
113,BIOAQUA Sheet Mask Hydrating Essence Face Mask,Aku suka bgt yg varian centella nya bagus bgt apalagi makai nya pas lagi jerawatan kayak meredakn merah jerawat trus melembabkan,5,https://shopee.co.id/BIOAQUA-Sheet-Mask-Hydrating-Essence-Face-Mask-Brightening-Moisturizing-Skin-Care-Anti-aging-Masker-Wajah(25g-pcs)-i.297682305.12915474844?sp_atk=288c1e2c-26ee-4cd3-b172-1c556290174d&xptdk=288c1e2c-26ee-4cd3-b172-1c556290174d
114,BIOAQUA Sheet Mask Hydrating Essence Face Mask,Face mask ini bisa buat wajar aku lembab banget kenyal... Harus makin rajin pake dan order lagi.. Harganya juga terjangkau banget..,5,https://shopee.co.id/BIOAQUA-Sheet-Mask-Hydrating-Essence-Face-Mask-Brightening-Moisturizing-Skin-Care-Anti-aging-Masker-Wajah(25g-pcs)-i.297682305.12915474844?sp_atk=288c1e2c-26ee-4cd3-b172-1c556290174d&xptdk=288c1e2c-26ee-4cd3-b172-1c556290174d
115,BIOAQUA Sheet Mask Hydrating Essence Face Mask,Ini aku order banyak untuk kesekian x nya karna emang ini masker Baguss banget cocok dimuka harga juga ramah di kantong,5,https://shopee.co.id/BIOAQUA-Sheet-Mask-Hydrating-Essence-Face-Mask-Brightening-Moisturizing-Skin-Care-Anti-aging-Masker-Wajah(25g-pcs)-i.297682305.12915474844?sp_atk=288c1e2c-26ee-4cd3-b172-1c556290174d&xptdk=288c1e2c-26ee-4cd3-b172-1c556290174d
116,MINISO Masker Wajah Serum Sheet Mask Peel Off Nature Hydrate Face Mask Organik Wanita,"maaf mengubah penilaiannya, sy br coba pakai, ga tau sy sendiri yg kulitnya ga cocok, atau bgmn. Dipake 2 menit pertama kerasa agak perih & ketarik kulitnya, pas 5 menit kaya kebakar akhirnya sy buang. kulit muka jd merah spt di foto.",1,https://shopee.co.id/MINISO-Masker-Wajah-Serum-Sheet-Mask-Peel-Off-Nature-Hydrate-Face-Mask-Organik-Wanita-i.40847197.5805433332?sp_atk=6bf89ea0-d324-472d-bd6c-27259b0a2a7a&xptdk=6bf89ea0-d324-472d-bd6c-27259b0a2a7a
117,MINISO Masker Wajah Serum Sheet Mask Peel Off Nature Hydrate Face Mask Organik Wanita,Maskernya bocot basah,1,https://shopee.co.id/MINISO-Masker-Wajah-Serum-Sheet-Mask-Peel-Off-Nature-Hydrate-Face-Mask-Organik-Wanita-i.40847197.5805433332?sp_atk=6bf89ea0-d324-472d-bd6c-27259b0a2a7a&xptdk=6bf89ea0-d324-472d-bd6c-27259b0a2a7a
118,MINISO Masker Wajah Serum Sheet Mask Peel Off Nature Hydrate Face Mask Organik Wanita,Masker saya ada titik bolong kaya gtu,1,https://shopee.co.id/MINISO-Masker-Wajah-Serum-Sheet-Mask-Peel-Off-Nature-Hydrate-Face-Mask-Organik-Wanita-i.40847197.5805433332?sp_atk=6bf89ea0-d324-472d-bd6c-27259b0a2a7a&xptdk=6bf89ea0-d324-472d-bd6c-27259b0a2a7a
119,MINISO Masker Wajah Serum Sheet Mask Peel Off Nature Hydrate Face Mask Organik Wanita,Kayaknya ga cocok bikin jerawatan,1,https://shopee.co.id/MINISO-Masker-Wajah-Serum-Sheet-Mask-Peel-Off-Nature-Hydrate-Face-Mask-Organik-Wanita-i.40847197.5805433332?sp_atk=6bf89ea0-d324-472d-bd6c-27259b0a2a7a&xptdk=6bf89ea0-d324-472d-bd6c-27259b0a2a7a
120,MINISO Masker Wajah Serum Sheet Mask Peel Off Nature Hydrate Face Mask Organik Wanita,susah menyerap dan tidak nyaman digunakan,1,https://shopee.co.id/MINISO-Masker-Wajah-Serum-Sheet-Mask-Peel-Off-Nature-Hydrate-Face-Mask-Organik-Wanita-i.40847197.5805433332?sp_atk=6bf89ea0-d324-472d-bd6c-27259b0a2a7a&xptdk=6bf89ea0-d324-472d-bd6c-27259b0a2a7a
121,MINISO Masker Wajah Serum Sheet Mask Peel Off Nature Hydrate Face Mask Organik Wanita,"Maskernya sobek, jd essence nya kebuang di dlm plastiknya.",2,https://shopee.co.id/MINISO-Masker-Wajah-Serum-Sheet-Mask-Peel-Off-Nature-Hydrate-Face-Mask-Organik-Wanita-i.40847197.5805433332?sp_atk=6bf89ea0-d324-472d-bd6c-27259b0a2a7a&xptdk=6bf89ea0-d324-472d-bd6c-27259b0a2a7a
122,MINISO Masker Wajah Serum Sheet Mask Peel Off Nature Hydrate Face Mask Organik Wanita,Maskernya dipake panas dimukaku,2,https://shopee.co.id/MINISO-Masker-Wajah-Serum-Sheet-Mask-Peel-Off-Nature-Hydrate-Face-Mask-Organik-Wanita-i.40847197.5805433332?sp_atk=6bf89ea0-d324-472d-bd6c-27259b0a2a7a&xptdk=6bf89ea0-d324-472d-bd6c-27259b0a2a7a
123,MINISO Masker Wajah Serum Sheet Mask Peel Off Nature Hydrate Face Mask Organik Wanita,Maskernya dipake lengket langsung beruntusan gatel nyesel baru sembuh 1minggu,2,https://shopee.co.id/MINISO-Masker-Wajah-Serum-Sheet-Mask-Peel-Off-Nature-Hydrate-Face-Mask-Organik-Wanita-i.40847197.5805433332?sp_atk=6bf89ea0-d324-472d-bd6c-27259b0a2a7a&xptdk=6bf89ea0-d324-472d-bd6c-27259b0a2a7a
124,MINISO Masker Wajah Serum Sheet Mask Peel Off Nature Hydrate Face Mask Organik Wanita,"Kacau siii setelah pake ini muka ku jadi seraqatane poolll,, ga cocok kayanya.... hati2 yaa guys",2,https://shopee.co.id/MINISO-Masker-Wajah-Serum-Sheet-Mask-Peel-Off-Nature-Hydrate-Face-Mask-Organik-Wanita-i.40847197.5805433332?sp_atk=6bf89ea0-d324-472d-bd6c-27259b0a2a7a&xptdk=6bf89ea0-d324-472d-bd6c-27259b0a2a7a
125,MINISO Masker Wajah Serum Sheet Mask Peel Off Nature Hydrate Face Mask Organik Wanita,Produknya miniso ga pernah mengecewakan udh pasti bagus semua,2,https://shopee.co.id/MINISO-Masker-Wajah-Serum-Sheet-Mask-Peel-Off-Nature-Hydrate-Face-Mask-Organik-Wanita-i.40847197.5805433332?sp_atk=6bf89ea0-d324-472d-bd6c-27259b0a2a7a&xptdk=6bf89ea0-d324-472d-bd6c-27259b0a2a7a
126,MINISO Masker Wajah Serum Sheet Mask Peel Off Nature Hydrate Face Mask Organik Wanita,"Kandunga vitamin C dan mudah di gunakan harga terjangkau,pengiriman ckp cpt,makasih shopee",3,https://shopee.co.id/MINISO-Masker-Wajah-Serum-Sheet-Mask-Peel-Off-Nature-Hydrate-Face-Mask-Organik-Wanita-i.40847197.5805433332?sp_atk=6bf89ea0-d324-472d-bd6c-27259b0a2a7a&xptdk=6bf89ea0-d324-472d-bd6c-27259b0a2a7a
127,MINISO Masker Wajah Serum Sheet Mask Peel Off Nature Hydrate Face Mask Organik Wanita,"Suka wanginya, enak. Tapi lama menyerap ke kulitnya, agak lengket juga. ",3,https://shopee.co.id/MINISO-Masker-Wajah-Serum-Sheet-Mask-Peel-Off-Nature-Hydrate-Face-Mask-Organik-Wanita-i.40847197.5805433332?sp_atk=6bf89ea0-d324-472d-bd6c-27259b0a2a7a&xptdk=6bf89ea0-d324-472d-bd6c-27259b0a2a7a
128,MINISO Masker Wajah Serum Sheet Mask Peel Off Nature Hydrate Face Mask Organik Wanita,"Belum coba sih pakainya, belum bisa review gimana saat masker diaplikasikan ke wajah, mudah2an tidak buat kulit menjadi kering",3,https://shopee.co.id/MINISO-Masker-Wajah-Serum-Sheet-Mask-Peel-Off-Nature-Hydrate-Face-Mask-Organik-Wanita-i.40847197.5805433332?sp_atk=6bf89ea0-d324-472d-bd6c-27259b0a2a7a&xptdk=6bf89ea0-d324-472d-bd6c-27259b0a2a7a
129,MINISO Masker Wajah Serum Sheet Mask Peel Off Nature Hydrate Face Mask Organik Wanita,Mungkin sesuai harga kali yaa,3,https://shopee.co.id/MINISO-Masker-Wajah-Serum-Sheet-Mask-Peel-Off-Nature-Hydrate-Face-Mask-Organik-Wanita-i.40847197.5805433332?sp_atk=6bf89ea0-d324-472d-bd6c-27259b0a2a7a&xptdk=6bf89ea0-d324-472d-bd6c-27259b0a2a7a
130,MINISO Masker Wajah Serum Sheet Mask Peel Off Nature Hydrate Face Mask Organik Wanita,baunya tajam beralkohol tidak cocok untuk sholat,3,https://shopee.co.id/MINISO-Masker-Wajah-Serum-Sheet-Mask-Peel-Off-Nature-Hydrate-Face-Mask-Organik-Wanita-i.40847197.5805433332?sp_atk=6bf89ea0-d324-472d-bd6c-27259b0a2a7a&xptdk=6bf89ea0-d324-472d-bd6c-27259b0a2a7a
131,MINISO Masker Wajah Serum Sheet Mask Peel Off Nature Hydrate Face Mask Organik Wanita,"selama pandemi sering bgt pake masker alias bikin wajah rentan bgt jrwatan, krna pnumpukan kringat atau pun minyak, jdinya rutin sminggu 2kli pake sheet mask biar detok wajah",4,https://shopee.co.id/MINISO-Masker-Wajah-Serum-Sheet-Mask-Peel-Off-Nature-Hydrate-Face-Mask-Organik-Wanita-i.40847197.5805433332?sp_atk=6bf89ea0-d324-472d-bd6c-27259b0a2a7a&xptdk=6bf89ea0-d324-472d-bd6c-27259b0a2a7a
132,MINISO Masker Wajah Serum Sheet Mask Peel Off Nature Hydrate Face Mask Organik Wanita,Beli pas flash sale lumayan jd lebih murah. Enak bgt dipakenya. Harganya jg termasuk murah.,4,https://shopee.co.id/MINISO-Masker-Wajah-Serum-Sheet-Mask-Peel-Off-Nature-Hydrate-Face-Mask-Organik-Wanita-i.40847197.5805433332?sp_atk=6bf89ea0-d324-472d-bd6c-27259b0a2a7a&xptdk=6bf89ea0-d324-472d-bd6c-27259b0a2a7a
133,MINISO Masker Wajah Serum Sheet Mask Peel Off Nature Hydrate Face Mask Organik Wanita,Ini sihhh enakkk bangettt dipakainyaa Tipissss bangettttt,4,https://shopee.co.id/MINISO-Masker-Wajah-Serum-Sheet-Mask-Peel-Off-Nature-Hydrate-Face-Mask-Organik-Wanita-i.40847197.5805433332?sp_atk=6bf89ea0-d324-472d-bd6c-27259b0a2a7a&xptdk=6bf89ea0-d324-472d-bd6c-27259b0a2a7a
134,MINISO Masker Wajah Serum Sheet Mask Peel Off Nature Hydrate Face Mask Organik Wanita,"Bagus lah, baik wortittt suka bangat , suka lah iloveyou aja sus , bagus ya , saya serap tahan",4,https://shopee.co.id/MINISO-Masker-Wajah-Serum-Sheet-Mask-Peel-Off-Nature-Hydrate-Face-Mask-Organik-Wanita-i.40847197.5805433332?sp_atk=6bf89ea0-d324-472d-bd6c-27259b0a2a7a&xptdk=6bf89ea0-d324-472d-bd6c-27259b0a2a7a
135,MINISO Masker Wajah Serum Sheet Mask Peel Off Nature Hydrate Face Mask Organik Wanita,Suka aja sama varian sheet mask miniso bikin lembab nyaman dimuka,4,https://shopee.co.id/MINISO-Masker-Wajah-Serum-Sheet-Mask-Peel-Off-Nature-Hydrate-Face-Mask-Organik-Wanita-i.40847197.5805433332?sp_atk=6bf89ea0-d324-472d-bd6c-27259b0a2a7a&xptdk=6bf89ea0-d324-472d-bd6c-27259b0a2a7a
136,MINISO Masker Wajah Serum Sheet Mask Peel Off Nature Hydrate Face Mask Organik Wanita,Ini masker langganan aku. Selalu beli di miniso yang ini karna suka banget sama wanginya dan yg paling cocok di mula aku. Tapi ini pertama kalinya beli online sih. Semoga ori ya.,5,https://shopee.co.id/MINISO-Masker-Wajah-Serum-Sheet-Mask-Peel-Off-Nature-Hydrate-Face-Mask-Organik-Wanita-i.40847197.5805433332?sp_atk=6bf89ea0-d324-472d-bd6c-27259b0a2a7a&xptdk=6bf89ea0-d324-472d-bd6c-27259b0a2a7a
137,MINISO Masker Wajah Serum Sheet Mask Peel Off Nature Hydrate Face Mask Organik Wanita,"Saya baru coba sekali dan menurut saya essence yg terkadung dlm kemasannya sangat banyak sekali sampai bisa saya pakai ke lengan juga Baunya pun sangat wangi dan menyegarkan wajah, bikin wajah saya lembab sampai pagi",5,https://shopee.co.id/MINISO-Masker-Wajah-Serum-Sheet-Mask-Peel-Off-Nature-Hydrate-Face-Mask-Organik-Wanita-i.40847197.5805433332?sp_atk=6bf89ea0-d324-472d-bd6c-27259b0a2a7a&xptdk=6bf89ea0-d324-472d-bd6c-27259b0a2a7a
138,MINISO Masker Wajah Serum Sheet Mask Peel Off Nature Hydrate Face Mask Organik Wanita,maskernya bagus wangi dan nyaman di pake,5,https://shopee.co.id/MINISO-Masker-Wajah-Serum-Sheet-Mask-Peel-Off-Nature-Hydrate-Face-Mask-Organik-Wanita-i.40847197.5805433332?sp_atk=6bf89ea0-d324-472d-bd6c-27259b0a2a7a&xptdk=6bf89ea0-d324-472d-bd6c-27259b0a2a7a
139,MINISO Masker Wajah Serum Sheet Mask Peel Off Nature Hydrate Face Mask Organik Wanita,gatau lagi cocok banget sama masker dari miniso essencenya ga pelit mana harganya murah lagi worth it banget dengan harga segitu dapet sheet mask sebagus ini,5,https://shopee.co.id/MINISO-Masker-Wajah-Serum-Sheet-Mask-Peel-Off-Nature-Hydrate-Face-Mask-Organik-Wanita-i.40847197.5805433332?sp_atk=6bf89ea0-d324-472d-bd6c-27259b0a2a7a&xptdk=6bf89ea0-d324-472d-bd6c-27259b0a2a7a
140,MINISO Masker Wajah Serum Sheet Mask Peel Off Nature Hydrate Face Mask Organik Wanita,"Cocok banget pake sheet mask dari miniso, malem di pakein ini paginya langsung glowing dan bruntusan mengurang",5,https://shopee.co.id/MINISO-Masker-Wajah-Serum-Sheet-Mask-Peel-Off-Nature-Hydrate-Face-Mask-Organik-Wanita-i.40847197.5805433332?sp_atk=6bf89ea0-d324-472d-bd6c-27259b0a2a7a&xptdk=6bf89ea0-d324-472d-bd6c-27259b0a2a7a
141,INNISFREE IT'S REAL SQUEEZE MASK,"Tekstur gelnya udah ga ada, kayak tisyu di basahin air aja udah.. Ini brgnya kadaluarsa apa gimana",1,https://shopee.co.id/INNISFREE-IT'S-REAL-SQUEEZE-MASK-MASKER-TOPENG-i.4226907.535137388?sp_atk=206d8d95-2974-476a-ae85-706610b04a2f&xptdk=206d8d95-2974-476a-ae85-706610b04a2f
142,INNISFREE IT'S REAL SQUEEZE MASK,Produk busuk. Saya beli ratusan pcs. Isi nya busuk bau item2 semua. Saya rugi banyak.. Jangan tergiur harga murah. Klo g percaya coba saja.,1,https://shopee.co.id/INNISFREE-IT'S-REAL-SQUEEZE-MASK-MASKER-TOPENG-i.4226907.535137388?sp_atk=206d8d95-2974-476a-ae85-706610b04a2f&xptdk=206d8d95-2974-476a-ae85-706610b04a2f
143,INNISFREE IT'S REAL SQUEEZE MASK,"Barang palsu, mask pas kering kaya kanebo kering kaku, muka abis pakai langsung muncul jerawat yg kaya bisul sakit banget, semoga amanah jual barang palsu ya",1,https://shopee.co.id/INNISFREE-IT'S-REAL-SQUEEZE-MASK-MASKER-TOPENG-i.4226907.535137388?sp_atk=206d8d95-2974-476a-ae85-706610b04a2f&xptdk=206d8d95-2974-476a-ae85-706610b04a2f
144,INNISFREE IT'S REAL SQUEEZE MASK,"Masker nya beraroma, kayaknya uda di simpan lama, mengecewakan. Warna masker juga berubah menguning sedikit. Uda coba complain ke admin tapi tidak ada balasan",1,https://shopee.co.id/INNISFREE-IT'S-REAL-SQUEEZE-MASK-MASKER-TOPENG-i.4226907.535137388?sp_atk=206d8d95-2974-476a-ae85-706610b04a2f&xptdk=206d8d95-2974-476a-ae85-706610b04a2f
145,INNISFREE IT'S REAL SQUEEZE MASK,"Grgr tergiur masker murah pas nyampe dan nyoba kok ada yang aneh... bau maskernya ga kayak biasanya saya pakai, terus maskernya melar banget ga sesuai ukuran muka... area lubang mulut melar nya kebawah sampe ke dagu, tadi niatnya kalo emang beneran bagus dan ori mau jadi langganan gapapa nunggu lam",1,https://shopee.co.id/INNISFREE-IT'S-REAL-SQUEEZE-MASK-MASKER-TOPENG-i.4226907.535137388?sp_atk=206d8d95-2974-476a-ae85-706610b04a2f&xptdk=206d8d95-2974-476a-ae85-706610b04a2f
146,INNISFREE IT'S REAL SQUEEZE MASK,"Barang belum dicoba, tapi pengemasan rapi dan lengkap. Penilaian ini saya edit, sayangnya produk masker innisfree dari sini sepertinya tidak ori.",2,https://shopee.co.id/INNISFREE-IT'S-REAL-SQUEEZE-MASK-MASKER-TOPENG-i.4226907.535137388?sp_atk=206d8d95-2974-476a-ae85-706610b04a2f&xptdk=206d8d95-2974-476a-ae85-706610b04a2f
147,INNISFREE IT'S REAL SQUEEZE MASK,Dapet yang bungkusnya gini dan bener pas dibuka masker dalemnya kuning dan bau bgt,2,https://shopee.co.id/INNISFREE-IT'S-REAL-SQUEEZE-MASK-MASKER-TOPENG-i.4226907.535137388?sp_atk=206d8d95-2974-476a-ae85-706610b04a2f&xptdk=206d8d95-2974-476a-ae85-706610b04a2f
148,INNISFREE IT'S REAL SQUEEZE MASK,"Dari pertama beli baru di buka, niat nya mau di pake ,eeh Ternyata pas di buka masker nya begini warna nya butek serum nya encer trus kaya bau dah lama , penasaran di buka semua eeh ternyata sama semua",2,https://shopee.co.id/INNISFREE-IT'S-REAL-SQUEEZE-MASK-MASKER-TOPENG-i.4226907.535137388?sp_atk=206d8d95-2974-476a-ae85-706610b04a2f&xptdk=206d8d95-2974-476a-ae85-706610b04a2f
149,INNISFREE IT'S REAL SQUEEZE MASK,Rubah penilaian. Dtg lgkap 10. Tp ni masker nya gak kyk biasanya. Kyk produk lama. Sygnya ga ad exp nya jd ga bs tau. Mskernya baunya gak enk kyk basi gt. Dan wrna mskernya kuning. Biasanya putih.,2,https://shopee.co.id/INNISFREE-IT'S-REAL-SQUEEZE-MASK-MASKER-TOPENG-i.4226907.535137388?sp_atk=206d8d95-2974-476a-ae85-706610b04a2f&xptdk=206d8d95-2974-476a-ae85-706610b04a2f
150,INNISFREE IT'S REAL SQUEEZE MASK,"Masker nya kayaknya bukan ori deh soalnya masa si bentuk masker nyamatanya lebar banget aneh pokoknya, terus serum nya tuh bau tengik gtu untung beli sedikit sih",2,https://shopee.co.id/INNISFREE-IT'S-REAL-SQUEEZE-MASK-MASKER-TOPENG-i.4226907.535137388?sp_atk=206d8d95-2974-476a-ae85-706610b04a2f&xptdk=206d8d95-2974-476a-ae85-706610b04a2f
151,INNISFREE IT'S REAL SQUEEZE MASK,Aku gak tau ini asli atau enggak aku pernah beli dua kali di toko sebelah dan gak kek gini yang ini cairr bangett kek air terus Bau nya aneh terus yang parian rice itu dalem nya udh menguning sama masker nya gak ada kek telinga kec il nya gitu kan aneh banget gak mirip di potonya .ini asli gak sih,3,https://shopee.co.id/INNISFREE-IT'S-REAL-SQUEEZE-MASK-MASKER-TOPENG-i.4226907.535137388?sp_atk=206d8d95-2974-476a-ae85-706610b04a2f&xptdk=206d8d95-2974-476a-ae85-706610b04a2f
152,INNISFREE IT'S REAL SQUEEZE MASK,"Kemasannya jelek banget, kea ga layak pake padahal mau dikasi ke orang tp untuk pengiriman aman"" aja dan rapi jadi ya oke aja",3,https://shopee.co.id/INNISFREE-IT'S-REAL-SQUEEZE-MASK-MASKER-TOPENG-i.4226907.535137388?sp_atk=206d8d95-2974-476a-ae85-706610b04a2f&xptdk=206d8d95-2974-476a-ae85-706610b04a2f
153,INNISFREE IT'S REAL SQUEEZE MASK,kurang cocok dikulit muka huhu tpi overall pengemasan rapi bgt,3,https://shopee.co.id/INNISFREE-IT'S-REAL-SQUEEZE-MASK-MASKER-TOPENG-i.4226907.535137388?sp_atk=206d8d95-2974-476a-ae85-706610b04a2f&xptdk=206d8d95-2974-476a-ae85-706610b04a2f
154,INNISFREE IT'S REAL SQUEEZE MASK,"Murah dibanding yg lain, tapi pesenan aku kurang 1 yg oatmeal psen 2 harusnya, tp yg datang cm 1  Dan stlah aku coba 2x ini aneh maskernya baunya ko ga enak ya  dlu aku beli d toko lain gak gini.. ini lebih ber air dan sheetmask nya kusem gt ky bekas ",3,https://shopee.co.id/INNISFREE-IT'S-REAL-SQUEEZE-MASK-MASKER-TOPENG-i.4226907.535137388?sp_atk=206d8d95-2974-476a-ae85-706610b04a2f&xptdk=206d8d95-2974-476a-ae85-706610b04a2f
155,INNISFREE IT'S REAL SQUEEZE MASK,"Suka sama maskernya, tapi datengnya lama bangeeet 13 hari, tapi bagus ko",3,https://shopee.co.id/INNISFREE-IT'S-REAL-SQUEEZE-MASK-MASKER-TOPENG-i.4226907.535137388?sp_atk=206d8d95-2974-476a-ae85-706610b04a2f&xptdk=206d8d95-2974-476a-ae85-706610b04a2f
156,INNISFREE IT'S REAL SQUEEZE MASK,Bagus lh sesuai ngk ad yg kurang ngk ad yg lebih,4,https://shopee.co.id/INNISFREE-IT'S-REAL-SQUEEZE-MASK-MASKER-TOPENG-i.4226907.535137388?sp_atk=206d8d95-2974-476a-ae85-706610b04a2f&xptdk=206d8d95-2974-476a-ae85-706610b04a2f
157,INNISFREE IT'S REAL SQUEEZE MASK,Bagus masker nya Untuk mencerahkan wajah. Sangat bagus sekali.,4,https://shopee.co.id/INNISFREE-IT'S-REAL-SQUEEZE-MASK-MASKER-TOPENG-i.4226907.535137388?sp_atk=206d8d95-2974-476a-ae85-706610b04a2f&xptdk=206d8d95-2974-476a-ae85-706610b04a2f
158,INNISFREE IT'S REAL SQUEEZE MASK,Produk bagus harga murah pengemasannya juga cepet.,4,https://shopee.co.id/INNISFREE-IT'S-REAL-SQUEEZE-MASK-MASKER-TOPENG-i.4226907.535137388?sp_atk=206d8d95-2974-476a-ae85-706610b04a2f&xptdk=206d8d95-2974-476a-ae85-706610b04a2f
159,INNISFREE IT'S REAL SQUEEZE MASK,"Maskernya bagus banget daya serapnya pun juga bagus barang sampai dgn baik, packingnya juga lumayan safe untuk masker keseluruhan okelah bisa jdi rekomended buat yg cari masker sheet mask",4,https://shopee.co.id/INNISFREE-IT'S-REAL-SQUEEZE-MASK-MASKER-TOPENG-i.4226907.535137388?sp_atk=206d8d95-2974-476a-ae85-706610b04a2f&xptdk=206d8d95-2974-476a-ae85-706610b04a2f
160,INNISFREE IT'S REAL SQUEEZE MASK,Yeaaayyy pesananku sudah sampai dan produk asli parah. Makasih,4,https://shopee.co.id/INNISFREE-IT'S-REAL-SQUEEZE-MASK-MASKER-TOPENG-i.4226907.535137388?sp_atk=206d8d95-2974-476a-ae85-706610b04a2f&xptdk=206d8d95-2974-476a-ae85-706610b04a2f
161,INNISFREE IT'S REAL SQUEEZE MASK,"Dikulit lembab Kenyal, glowing, bangus banget nyaman Langganan pakek masker ini",5,https://shopee.co.id/INNISFREE-IT'S-REAL-SQUEEZE-MASK-MASKER-TOPENG-i.4226907.535137388?sp_atk=206d8d95-2974-476a-ae85-706610b04a2f&xptdk=206d8d95-2974-476a-ae85-706610b04a2f
162,INNISFREE IT'S REAL SQUEEZE MASK,"udah langganan, ORI jga walaupun harga nya termasuk murah bgt, lebih bagus beli d sini sih kalau beli kyk d guardian atau miniso mahal bgt satu nya hampir 20k",5,https://shopee.co.id/INNISFREE-IT'S-REAL-SQUEEZE-MASK-MASKER-TOPENG-i.4226907.535137388?sp_atk=206d8d95-2974-476a-ae85-706610b04a2f&xptdk=206d8d95-2974-476a-ae85-706610b04a2f
163,INNISFREE IT'S REAL SQUEEZE MASK,Gel nya lembut banget asli Dee gaada kandungan atau rasa alkohol nya jadi enak dipake nya,5,https://shopee.co.id/INNISFREE-IT'S-REAL-SQUEEZE-MASK-MASKER-TOPENG-i.4226907.535137388?sp_atk=206d8d95-2974-476a-ae85-706610b04a2f&xptdk=206d8d95-2974-476a-ae85-706610b04a2f
164,INNISFREE IT'S REAL SQUEEZE MASK,Barang pesanan sudah sampai..sudah sering memakai produk ini..refresh seger dingin di wajah..wajah menjadi cerah..terimakasih,5,https://shopee.co.id/INNISFREE-IT'S-REAL-SQUEEZE-MASK-MASKER-TOPENG-i.4226907.535137388?sp_atk=206d8d95-2974-476a-ae85-706610b04a2f&xptdk=206d8d95-2974-476a-ae85-706610b04a2f
165,INNISFREE IT'S REAL SQUEEZE MASK,"Barang baik dan bagus sekali nyaman dipakai diwajah mudah menyerap, wangi dan melembabkan wajah yang kering",5,https://shopee.co.id/INNISFREE-IT'S-REAL-SQUEEZE-MASK-MASKER-TOPENG-i.4226907.535137388?sp_atk=206d8d95-2974-476a-ae85-706610b04a2f&xptdk=206d8d95-2974-476a-ae85-706610b04a2f
166,INNISFREE IT'S REAL SQUEEZE MASK,"Aku udah sering pake sheet mask innisfree dan bagus dimuka, ada satu yg bocor dan cairannya banyak kebuang langsung cus aku pake",5,https://shopee.co.id/INNISFREE-IT'S-REAL-SQUEEZE-MASK-MASKER-TOPENG-i.4226907.535137388?sp_atk=206d8d95-2974-476a-ae85-706610b04a2f&xptdk=206d8d95-2974-476a-ae85-706610b04a2f
167,BIOAQUA masker sheet mask 24K Golden Luxury /Peptide Skin Secret Collagen Moisturizing Face Mask ,pas di buka paket hancur ngk bisa di pakai gitu,1,https://shopee.co.id/%E3%80%90BPOM%E3%80%91BIOAQUA-masker-sheet-mask-24K-Golden-Luxury-Peptide-Skin-Secret-Collagen-Moisturizing-Face-Mask-28g-Organik-Wanita-i.297682305.13049226758?sp_atk=baf76ace-cf4f-4a23-8fdb-e2c789071375&xptdk=baf76ace-cf4f-4a23-8fdb-e2c789071375
168,BIOAQUA masker sheet mask 24K Golden Luxury /Peptide Skin Secret Collagen Moisturizing Face Mask ,"sheet mask bocor krn ketekuk², dan pas di buka VOILAAAA sheet masknya ANCURRRR JADI BEBERAPA BAGIAN!!!!",1,https://shopee.co.id/%E3%80%90BPOM%E3%80%91BIOAQUA-masker-sheet-mask-24K-Golden-Luxury-Peptide-Skin-Secret-Collagen-Moisturizing-Face-Mask-28g-Organik-Wanita-i.297682305.13049226758?sp_atk=baf76ace-cf4f-4a23-8fdb-e2c789071375&xptdk=baf76ace-cf4f-4a23-8fdb-e2c789071376
169,BIOAQUA masker sheet mask 24K Golden Luxury /Peptide Skin Secret Collagen Moisturizing Face Mask ,"Pas mau di pake masker nya di buka, masker nya hancur dan gak bisa di pakai",1,https://shopee.co.id/%E3%80%90BPOM%E3%80%91BIOAQUA-masker-sheet-mask-24K-Golden-Luxury-Peptide-Skin-Secret-Collagen-Moisturizing-Face-Mask-28g-Organik-Wanita-i.297682305.13049226758?sp_atk=baf76ace-cf4f-4a23-8fdb-e2c789071375&xptdk=baf76ace-cf4f-4a23-8fdb-e2c789071377
170,BIOAQUA masker sheet mask 24K Golden Luxury /Peptide Skin Secret Collagen Moisturizing Face Mask ,"Pengemasan lama,12 hari baru di kirim,dan pas di buka paket hancur ngk bisa di pakai gitu",1,https://shopee.co.id/%E3%80%90BPOM%E3%80%91BIOAQUA-masker-sheet-mask-24K-Golden-Luxury-Peptide-Skin-Secret-Collagen-Moisturizing-Face-Mask-28g-Organik-Wanita-i.297682305.13049226758?sp_atk=baf76ace-cf4f-4a23-8fdb-e2c789071375&xptdk=baf76ace-cf4f-4a23-8fdb-e2c789071378
171,BIOAQUA masker sheet mask 24K Golden Luxury /Peptide Skin Secret Collagen Moisturizing Face Mask ,ini mana yg mau di pakai yg dlm ya hancur,1,https://shopee.co.id/%E3%80%90BPOM%E3%80%91BIOAQUA-masker-sheet-mask-24K-Golden-Luxury-Peptide-Skin-Secret-Collagen-Moisturizing-Face-Mask-28g-Organik-Wanita-i.297682305.13049226758?sp_atk=baf76ace-cf4f-4a23-8fdb-e2c789071375&xptdk=baf76ace-cf4f-4a23-8fdb-e2c789071379
172,BIOAQUA masker sheet mask 24K Golden Luxury /Peptide Skin Secret Collagen Moisturizing Face Mask ,"Dalemnya rusak,gk bisa dipake maskernya",1,https://shopee.co.id/%E3%80%90BPOM%E3%80%91BIOAQUA-masker-sheet-mask-24K-Golden-Luxury-Peptide-Skin-Secret-Collagen-Moisturizing-Face-Mask-28g-Organik-Wanita-i.297682305.13049226758?sp_atk=baf76ace-cf4f-4a23-8fdb-e2c789071375&xptdk=baf76ace-cf4f-4a23-8fdb-e2c789071380
173,BIOAQUA masker sheet mask 24K Golden Luxury /Peptide Skin Secret Collagen Moisturizing Face Mask ,Sheetmasknya ancur dan bocor,1,https://shopee.co.id/%E3%80%90BPOM%E3%80%91BIOAQUA-masker-sheet-mask-24K-Golden-Luxury-Peptide-Skin-Secret-Collagen-Moisturizing-Face-Mask-28g-Organik-Wanita-i.297682305.13049226758?sp_atk=baf76ace-cf4f-4a23-8fdb-e2c789071375&xptdk=baf76ace-cf4f-4a23-8fdb-e2c789071381
174,BIOAQUA masker sheet mask 24K Golden Luxury /Peptide Skin Secret Collagen Moisturizing Face Mask ,"Sorry aku rubah yaa bebs, ternyata setelah dibuka maskernya ancur sobek2 dan ga layak banget. Harusnya klo ga berniat kasih promo jgn membohongi pelanggan",2,https://shopee.co.id/%E3%80%90BPOM%E3%80%91BIOAQUA-masker-sheet-mask-24K-Golden-Luxury-Peptide-Skin-Secret-Collagen-Moisturizing-Face-Mask-28g-Organik-Wanita-i.297682305.13049226758?sp_atk=baf76ace-cf4f-4a23-8fdb-e2c789071375&xptdk=baf76ace-cf4f-4a23-8fdb-e2c789071382
175,BIOAQUA masker sheet mask 24K Golden Luxury /Peptide Skin Secret Collagen Moisturizing Face Mask ,"barang ancur gada bentuk gabisa di pake patah"" rapuh banget",2,https://shopee.co.id/%E3%80%90BPOM%E3%80%91BIOAQUA-masker-sheet-mask-24K-Golden-Luxury-Peptide-Skin-Secret-Collagen-Moisturizing-Face-Mask-28g-Organik-Wanita-i.297682305.13049226758?sp_atk=baf76ace-cf4f-4a23-8fdb-e2c789071375&xptdk=baf76ace-cf4f-4a23-8fdb-e2c789071383
176,BIOAQUA masker sheet mask 24K Golden Luxury /Peptide Skin Secret Collagen Moisturizing Face Mask ,Pas di pegang sobek kena kuku dikit sobek jdi bingung makenya gmna akhirnya di buang deh sedih si pdhl baru sebentar gk ada 10 menit,2,https://shopee.co.id/%E3%80%90BPOM%E3%80%91BIOAQUA-masker-sheet-mask-24K-Golden-Luxury-Peptide-Skin-Secret-Collagen-Moisturizing-Face-Mask-28g-Organik-Wanita-i.297682305.13049226758?sp_atk=baf76ace-cf4f-4a23-8fdb-e2c789071375&xptdk=baf76ace-cf4f-4a23-8fdb-e2c789071384
177,BIOAQUA masker sheet mask 24K Golden Luxury /Peptide Skin Secret Collagen Moisturizing Face Mask ,Gimana pakeknya ya ancur gini ngakak,2,https://shopee.co.id/%E3%80%90BPOM%E3%80%91BIOAQUA-masker-sheet-mask-24K-Golden-Luxury-Peptide-Skin-Secret-Collagen-Moisturizing-Face-Mask-28g-Organik-Wanita-i.297682305.13049226758?sp_atk=baf76ace-cf4f-4a23-8fdb-e2c789071375&xptdk=baf76ace-cf4f-4a23-8fdb-e2c789071385
178,BIOAQUA masker sheet mask 24K Golden Luxury /Peptide Skin Secret Collagen Moisturizing Face Mask ,"Udh 2x beli masker ini, yg pertama baru mau dikeluarin dari bungkusnya eh patah2 ancur, yg kedua sama rapuh bgt. Aku gasuka",2,https://shopee.co.id/%E3%80%90BPOM%E3%80%91BIOAQUA-masker-sheet-mask-24K-Golden-Luxury-Peptide-Skin-Secret-Collagen-Moisturizing-Face-Mask-28g-Organik-Wanita-i.297682305.13049226758?sp_atk=baf76ace-cf4f-4a23-8fdb-e2c789071375&xptdk=baf76ace-cf4f-4a23-8fdb-e2c789071386
179,BIOAQUA masker sheet mask 24K Golden Luxury /Peptide Skin Secret Collagen Moisturizing Face Mask ,"Pas dibuka maskernya udah ancur,sisa serumnya aja yg bisa dipake. Kena tekuk di dalem packingan",2,https://shopee.co.id/%E3%80%90BPOM%E3%80%91BIOAQUA-masker-sheet-mask-24K-Golden-Luxury-Peptide-Skin-Secret-Collagen-Moisturizing-Face-Mask-28g-Organik-Wanita-i.297682305.13049226758?sp_atk=baf76ace-cf4f-4a23-8fdb-e2c789071375&xptdk=baf76ace-cf4f-4a23-8fdb-e2c789071387
180,BIOAQUA masker sheet mask 24K Golden Luxury /Peptide Skin Secret Collagen Moisturizing Face Mask ,Masker pecah gak bisa dipake sobek,2,https://shopee.co.id/%E3%80%90BPOM%E3%80%91BIOAQUA-masker-sheet-mask-24K-Golden-Luxury-Peptide-Skin-Secret-Collagen-Moisturizing-Face-Mask-28g-Organik-Wanita-i.297682305.13049226758?sp_atk=baf76ace-cf4f-4a23-8fdb-e2c789071375&xptdk=baf76ace-cf4f-4a23-8fdb-e2c789071388
181,BIOAQUA masker sheet mask 24K Golden Luxury /Peptide Skin Secret Collagen Moisturizing Face Mask ,"Waktu pakai lembab tapi setelah itu muka saya bruntusan,sprtinya tidak cocok",3,https://shopee.co.id/%E3%80%90BPOM%E3%80%91BIOAQUA-masker-sheet-mask-24K-Golden-Luxury-Peptide-Skin-Secret-Collagen-Moisturizing-Face-Mask-28g-Organik-Wanita-i.297682305.13049226758?sp_atk=baf76ace-cf4f-4a23-8fdb-e2c789071375&xptdk=baf76ace-cf4f-4a23-8fdb-e2c789071389
182,BIOAQUA masker sheet mask 24K Golden Luxury /Peptide Skin Secret Collagen Moisturizing Face Mask ,"Maaf bintaangnya saya ralat karen kemaren baru saya coba makernya hancur, saya tidak tau krn memang dr sana nya atau hancur krn saat pengiriman terlalu panas jd maskernya bisa hancur gt",3,https://shopee.co.id/%E3%80%90BPOM%E3%80%91BIOAQUA-masker-sheet-mask-24K-Golden-Luxury-Peptide-Skin-Secret-Collagen-Moisturizing-Face-Mask-28g-Organik-Wanita-i.297682305.13049226758?sp_atk=baf76ace-cf4f-4a23-8fdb-e2c789071375&xptdk=baf76ace-cf4f-4a23-8fdb-e2c789071390
183,BIOAQUA masker sheet mask 24K Golden Luxury /Peptide Skin Secret Collagen Moisturizing Face Mask ,Exp msh lama...kemasan rapi dan aman...tapi sayangnya produk ini kurang bagus...tidak lembab...baru nyoba pake semalem...terlanjur dah beli 5 lagi...mending pake yang apple ato centella mask...,3,https://shopee.co.id/%E3%80%90BPOM%E3%80%91BIOAQUA-masker-sheet-mask-24K-Golden-Luxury-Peptide-Skin-Secret-Collagen-Moisturizing-Face-Mask-28g-Organik-Wanita-i.297682305.13049226758?sp_atk=baf76ace-cf4f-4a23-8fdb-e2c789071375&xptdk=baf76ace-cf4f-4a23-8fdb-e2c789071391
184,BIOAQUA masker sheet mask 24K Golden Luxury /Peptide Skin Secret Collagen Moisturizing Face Mask ,masker nya udah ga banget smpe sini udh lebur semua tapi serum mask nya banyak sih,3,https://shopee.co.id/%E3%80%90BPOM%E3%80%91BIOAQUA-masker-sheet-mask-24K-Golden-Luxury-Peptide-Skin-Secret-Collagen-Moisturizing-Face-Mask-28g-Organik-Wanita-i.297682305.13049226758?sp_atk=baf76ace-cf4f-4a23-8fdb-e2c789071375&xptdk=baf76ace-cf4f-4a23-8fdb-e2c789071392
185,BIOAQUA masker sheet mask 24K Golden Luxury /Peptide Skin Secret Collagen Moisturizing Face Mask ,Perih sih kalau di aku,3,https://shopee.co.id/%E3%80%90BPOM%E3%80%91BIOAQUA-masker-sheet-mask-24K-Golden-Luxury-Peptide-Skin-Secret-Collagen-Moisturizing-Face-Mask-28g-Organik-Wanita-i.297682305.13049226758?sp_atk=baf76ace-cf4f-4a23-8fdb-e2c789071375&xptdk=baf76ace-cf4f-4a23-8fdb-e2c789071393
186,BIOAQUA masker sheet mask 24K Golden Luxury /Peptide Skin Secret Collagen Moisturizing Face Mask ,maskernya collagennya buyar,3,https://shopee.co.id/%E3%80%90BPOM%E3%80%91BIOAQUA-masker-sheet-mask-24K-Golden-Luxury-Peptide-Skin-Secret-Collagen-Moisturizing-Face-Mask-28g-Organik-Wanita-i.297682305.13049226758?sp_atk=baf76ace-cf4f-4a23-8fdb-e2c789071375&xptdk=baf76ace-cf4f-4a23-8fdb-e2c789071394
187,BIOAQUA masker sheet mask 24K Golden Luxury /Peptide Skin Secret Collagen Moisturizing Face Mask ,Maskernya sering robek dibagian jidat sm hidung,3,https://shopee.co.id/%E3%80%90BPOM%E3%80%91BIOAQUA-masker-sheet-mask-24K-Golden-Luxury-Peptide-Skin-Secret-Collagen-Moisturizing-Face-Mask-28g-Organik-Wanita-i.297682305.13049226758?sp_atk=baf76ace-cf4f-4a23-8fdb-e2c789071375&xptdk=baf76ace-cf4f-4a23-8fdb-e2c789071395
188,BIOAQUA masker sheet mask 24K Golden Luxury /Peptide Skin Secret Collagen Moisturizing Face Mask ,Dari Kemasannya sih kelihatannya mantap. Ternyata setelah buka isi maskernya hancur. Karena tekturnya gel gt guys. Untungnya masi bisa pake..,4,https://shopee.co.id/%E3%80%90BPOM%E3%80%91BIOAQUA-masker-sheet-mask-24K-Golden-Luxury-Peptide-Skin-Secret-Collagen-Moisturizing-Face-Mask-28g-Organik-Wanita-i.297682305.13049226758?sp_atk=baf76ace-cf4f-4a23-8fdb-e2c789071375&xptdk=baf76ace-cf4f-4a23-8fdb-e2c789071396
189,BIOAQUA masker sheet mask 24K Golden Luxury /Peptide Skin Secret Collagen Moisturizing Face Mask ,Cepet sampenya tapi sayang banget patah gitu padahal enak dipakainya,4,https://shopee.co.id/%E3%80%90BPOM%E3%80%91BIOAQUA-masker-sheet-mask-24K-Golden-Luxury-Peptide-Skin-Secret-Collagen-Moisturizing-Face-Mask-28g-Organik-Wanita-i.297682305.13049226758?sp_atk=baf76ace-cf4f-4a23-8fdb-e2c789071375&xptdk=baf76ace-cf4f-4a23-8fdb-e2c789071397
190,BIOAQUA masker sheet mask 24K Golden Luxury /Peptide Skin Secret Collagen Moisturizing Face Mask ,adem dipakainya tpi pas dibuka maskernya udh pda sobek,4,https://shopee.co.id/%E3%80%90BPOM%E3%80%91BIOAQUA-masker-sheet-mask-24K-Golden-Luxury-Peptide-Skin-Secret-Collagen-Moisturizing-Face-Mask-28g-Organik-Wanita-i.297682305.13049226758?sp_atk=baf76ace-cf4f-4a23-8fdb-e2c789071375&xptdk=baf76ace-cf4f-4a23-8fdb-e2c789071398
191,BIOAQUA masker sheet mask 24K Golden Luxury /Peptide Skin Secret Collagen Moisturizing Face Mask ,"disaya pke kayak panas gitu tpi gak tau kann kulit orng beda""",4,https://shopee.co.id/%E3%80%90BPOM%E3%80%91BIOAQUA-masker-sheet-mask-24K-Golden-Luxury-Peptide-Skin-Secret-Collagen-Moisturizing-Face-Mask-28g-Organik-Wanita-i.297682305.13049226758?sp_atk=baf76ace-cf4f-4a23-8fdb-e2c789071375&xptdk=baf76ace-cf4f-4a23-8fdb-e2c789071399
192,BIOAQUA masker sheet mask 24K Golden Luxury /Peptide Skin Secret Collagen Moisturizing Face Mask ,Kemaren aku udah pake tapi jujurly baguss si maskernya cuma sayangnya kemaren pas mau pake maskernya uda pada sobek gtu tapi hasilnyaa beneran bagus gak boong!,4,https://shopee.co.id/%E3%80%90BPOM%E3%80%91BIOAQUA-masker-sheet-mask-24K-Golden-Luxury-Peptide-Skin-Secret-Collagen-Moisturizing-Face-Mask-28g-Organik-Wanita-i.297682305.13049226758?sp_atk=baf76ace-cf4f-4a23-8fdb-e2c789071375&xptdk=baf76ace-cf4f-4a23-8fdb-e2c789071400
193,BIOAQUA masker sheet mask 24K Golden Luxury /Peptide Skin Secret Collagen Moisturizing Face Mask ,Sheetnya terlalu tipis baru dibuka mau pemasangan diwajah uda pecah2. Kukira sheet tapi ini lebih kek jelly jadi gampang hancur. Sayang beut belom diletak muko,4,https://shopee.co.id/%E3%80%90BPOM%E3%80%91BIOAQUA-masker-sheet-mask-24K-Golden-Luxury-Peptide-Skin-Secret-Collagen-Moisturizing-Face-Mask-28g-Organik-Wanita-i.297682305.13049226758?sp_atk=baf76ace-cf4f-4a23-8fdb-e2c789071375&xptdk=baf76ace-cf4f-4a23-8fdb-e2c789071401
194,BIOAQUA masker sheet mask 24K Golden Luxury /Peptide Skin Secret Collagen Moisturizing Face Mask ,"Maskernya udah nyampe, tapi rusak ngga bisa di pake huhu",4,https://shopee.co.id/%E3%80%90BPOM%E3%80%91BIOAQUA-masker-sheet-mask-24K-Golden-Luxury-Peptide-Skin-Secret-Collagen-Moisturizing-Face-Mask-28g-Organik-Wanita-i.297682305.13049226758?sp_atk=baf76ace-cf4f-4a23-8fdb-e2c789071375&xptdk=baf76ace-cf4f-4a23-8fdb-e2c789071402
195,BIOAQUA masker sheet mask 24K Golden Luxury /Peptide Skin Secret Collagen Moisturizing Face Mask ,"Br pertama kali beli produk ini, semoga aja cocok dengan produknya, kemasannya gold cantik semoga mantap. Tidak ada yg kurang. Sempurna. Tq semuanya.",5,https://shopee.co.id/%E3%80%90BPOM%E3%80%91BIOAQUA-masker-sheet-mask-24K-Golden-Luxury-Peptide-Skin-Secret-Collagen-Moisturizing-Face-Mask-28g-Organik-Wanita-i.297682305.13049226758?sp_atk=baf76ace-cf4f-4a23-8fdb-e2c789071375&xptdk=baf76ace-cf4f-4a23-8fdb-e2c789071403
196,BIOAQUA masker sheet mask 24K Golden Luxury /Peptide Skin Secret Collagen Moisturizing Face Mask ,"Barang nya cepat sampai,harga nya Ramah di kantong. Pengemasan nya rapih. Kayak nya bagus ini masker nya.kalau cocok beli lagi.",5,https://shopee.co.id/%E3%80%90BPOM%E3%80%91BIOAQUA-masker-sheet-mask-24K-Golden-Luxury-Peptide-Skin-Secret-Collagen-Moisturizing-Face-Mask-28g-Organik-Wanita-i.297682305.13049226758?sp_atk=baf76ace-cf4f-4a23-8fdb-e2c789071375&xptdk=baf76ace-cf4f-4a23-8fdb-e2c789071404
197,BIOAQUA masker sheet mask 24K Golden Luxury /Peptide Skin Secret Collagen Moisturizing Face Mask ,"Lembut dan kenyal setelah pemakaian,di masker nya ada gold2 nya dan tekstur nya jelly gt...mantap banget bioaqua",5,https://shopee.co.id/%E3%80%90BPOM%E3%80%91BIOAQUA-masker-sheet-mask-24K-Golden-Luxury-Peptide-Skin-Secret-Collagen-Moisturizing-Face-Mask-28g-Organik-Wanita-i.297682305.13049226758?sp_atk=baf76ace-cf4f-4a23-8fdb-e2c789071375&xptdk=baf76ace-cf4f-4a23-8fdb-e2c789071405
198,BIOAQUA masker sheet mask 24K Golden Luxury /Peptide Skin Secret Collagen Moisturizing Face Mask ,"Dateng masker nya sesuai pesanan lengkap, baru mau coba masker ini semoga hasilnya bagus dan bikin kulita cerah",5,https://shopee.co.id/%E3%80%90BPOM%E3%80%91BIOAQUA-masker-sheet-mask-24K-Golden-Luxury-Peptide-Skin-Secret-Collagen-Moisturizing-Face-Mask-28g-Organik-Wanita-i.297682305.13049226758?sp_atk=baf76ace-cf4f-4a23-8fdb-e2c789071375&xptdk=baf76ace-cf4f-4a23-8fdb-e2c789071406
199,BIOAQUA masker sheet mask 24K Golden Luxury /Peptide Skin Secret Collagen Moisturizing Face Mask ,Baru mau d coba semoga cocok...pake masker emas..glowing on process,5,https://shopee.co.id/%E3%80%90BPOM%E3%80%91BIOAQUA-masker-sheet-mask-24K-Golden-Luxury-Peptide-Skin-Secret-Collagen-Moisturizing-Face-Mask-28g-Organik-Wanita-i.297682305.13049226758?sp_atk=baf76ace-cf4f-4a23-8fdb-e2c789071375&xptdk=baf76ace-cf4f-4a23-8fdb-e2c789071407
200,BIOAQUA masker sheet mask 24K Golden Luxury /Peptide Skin Secret Collagen Moisturizing Face Mask ,Jujur agak susah buat di pake karna jel dan gampang sobek tapi hasilnya bener bener bikin muka aku glowing dan jadi agak kenceng suka banget deh pokoknya meskipun agak susah buat di pake tapi worth it sih menurut aku karna hasilnya bener bener bagus di aku,5,https://shopee.co.id/%E3%80%90BPOM%E3%80%91BIOAQUA-masker-sheet-mask-24K-Golden-Luxury-Peptide-Skin-Secret-Collagen-Moisturizing-Face-Mask-28g-Organik-Wanita-i.297682305.13049226758?sp_atk=baf76ace-cf4f-4a23-8fdb-e2c789071375&xptdk=baf76ace-cf4f-4a23-8fdb-e2c789071408
